idDriver,idBike,fleet,unlock_date,unlock_hour,latitude_unlock,longitude_unlock,station_unlock,dock_unlock,unlock_station_name,lock_date,lock_hour,latitude_lock,longitude_lock,station_lock,dock_lock,lock_station_name,distance,trip_speed,trip_day_of_week,trip_duration_category,station_unlock_count,station_lock_count,travel_direction,lock_unlock_time_gap_hours
4818,2660,0,6,3,96,93,96,23,96,6,17,88,141,148,4,148,2643,14003,6,0,87,101,1,1
7412,786,0,5,9,18,18,18,14,18,5,22,215,209,217,6,217,4550,11518,5,0,18,170,0,1
5216,1906,0,25,12,20,20,20,22,20,26,12,69,69,70,9,70,5273,46816,4,0,20,64,0,0
2074,2207,0,25,8,168,163,169,10,168,26,8,111,109,112,16,112,15682,47400,4,0,138,101,1,1
10248,2348,0,9,21,61,60,61,21,61,9,13,221,215,223,11,223,9779,19034,2,0,58,172,0,1
9210,1950,0,27,8,62,61,62,25,62,28,18,75,74,76,13,76,7043,51951,6,0,59,72,0,0
981,448,0,0,5,231,225,233,21,233,0,4,140,119,141,23,141,961,1012,0,0,28,64,1,0
36,36,0,0,8,3,3,3,18,3,0,18,32,32,32,3,32,36,36,0,1,3,31,0,0
1864,21,0,24,7,18,18,18,0,18,25,7,22,22,22,2,22,14123,46039,3,0,18,22,0,0
1292,939,0,8,13,11,11,11,15,11,8,13,39,39,39,10,39,4797,17266,1,0,11,38,1,0
6996,1392,0,5,8,61,60,61,17,61,5,18,59,58,59,9,59,7194,10532,5,1,58,18,0,0
6870,728,0,17,0,198,191,199,14,198,18,0,55,54,55,5,55,5800,31203,3,0,155,54,0,0
2305,1230,0,1,2,200,193,200,7,200,1,0,210,204,212,18,212,2303,2587,1,0,156,167,1,1
2613,144,0,5,22,175,152,176,16,175,5,5,156,151,158,9,158,7659,11477,5,0,115,133,1,0
4694,873,0,12,6,211,205,212,1,212,13,6,234,226,236,6,236,12527,25673,5,0,164,181,1,0
6026,1218,0,27,0,104,100,104,9,104,28,7,219,213,221,19,221,12850,52531,6,0,94,171,0,1
4765,2254,0,28,8,203,197,204,21,204,29,18,256,248,258,13,258,16761,53310,0,1,159,187,0,0
12425,3143,0,27,5,101,97,101,23,101,28,12,227,133,229,1,229,17850,52483,6,0,91,123,1,1
11,11,0,0,9,11,11,11,9,11,0,9,11,11,11,1,11,11,11,0,0,11,11,1,0
6208,1870,0,9,6,36,36,36,12,36,9,6,41,41,41,9,41,10861,20001,2,0,35,40,0,0
7128,1744,0,5,22,27,27,27,0,27,5,8,174,168,176,11,176,24,24,5,0,27,137,2,14
7987,282,0,18,8,117,112,117,2,117,19,18,68,68,69,24,69,157,34335,4,0,105,66,0,0
3355,1793,0,18,5,46,46,46,6,46,19,4,84,83,85,9,85,3376,33528,4,0,45,80,1,0
2880,752,0,2,19,127,122,128,11,127,2,20,87,86,88,23,88,4053,5017,2,1,114,82,0,0
13269,957,0,15,9,152,147,153,9,152,16,9,13,13,13,24,13,1890,29100,1,0,127,13,1,0
4000,530,0,2,15,227,221,229,8,229,2,16,147,142,149,2,149,3985,4919,2,0,125,125,1,0
4413,2302,0,24,3,3,3,3,8,3,25,3,192,186,194,8,194,4425,44338,3,0,3,110,1,0
5079,579,0,19,8,232,11,234,2,234,20,8,38,38,38,2,38,2161,37089,5,0,176,37,1,1
2692,547,0,4,3,2,2,2,0,2,4,3,46,46,46,2,46,2684,7896,4,0,2,45,1,0
5794,2878,0,15,19,90,87,90,7,90,16,20,23,23,23,24,23,8753,29179,1,1,82,23,1,0
6896,665,0,26,16,181,174,182,4,181,27,17,185,179,187,24,187,13104,48895,5,0,145,147,1,0
497,642,0,20,11,128,123,129,13,128,21,11,24,24,24,19,24,481,39452,6,0,115,24,1,0
9381,751,0,17,19,216,210,217,17,217,18,20,40,40,40,23,40,14170,32138,3,0,139,39,1,0
3725,519,0,2,22,209,203,210,8,210,2,5,19,19,19,15,19,3727,4532,2,0,75,19,0,0
8528,1294,0,20,2,218,210,219,19,219,21,2,94,93,95,9,95,12823,37838,6,0,20,88,0,0
12581,2390,0,13,16,66,65,66,12,66,14,17,101,99,102,9,102,12825,26845,6,1,63,94,0,0
2633,997,0,1,3,116,111,116,11,116,1,3,155,150,157,12,157,2634,3445,1,1,104,132,0,0
2700,1181,0,27,1,84,72,84,3,84,28,1,105,103,106,22,106,3188,51936,6,0,79,97,0,0
3732,516,0,18,6,91,88,91,26,91,19,6,162,157,164,19,164,2123,34700,4,0,83,22,1,0
2648,622,0,10,23,21,21,21,7,21,10,23,52,8,52,17,52,3246,21461,3,0,21,51,0,0
12127,2242,0,18,2,98,95,98,25,98,19,2,165,159,167,2,167,14477,33460,4,0,88,82,1,0
7199,1619,0,24,7,136,131,137,22,136,25,7,73,1,74,5,74,838,44437,3,0,121,70,1,0
17277,3197,1,27,3,95,92,69,3,95,28,17,58,57,58,1,58,17942,53064,6,0,86,57,0,1
1123,2651,0,11,19,201,194,201,12,201,11,15,229,222,231,2,231,3004,23587,4,0,157,90,0,1
2703,173,0,9,4,163,158,164,7,163,9,14,206,200,208,17,208,7430,19715,2,0,12,86,1,0
16779,1598,0,24,14,107,103,107,7,107,25,15,79,78,80,1,80,3116,45291,3,0,97,76,0,0
148,29,0,25,22,234,227,236,16,236,26,5,148,143,150,23,150,147,13592,4,0,161,126,0,0
2093,204,0,0,22,73,72,73,25,73,0,5,74,73,75,3,75,890,2324,0,0,69,71,1,0
11256,405,0,10,2,97,94,97,18,97,10,2,57,56,57,2,57,9602,21973,3,1,65,56,1,0
9675,3058,1,13,13,125,120,212,1,125,14,2,110,108,111,18,111,926,26737,6,0,112,100,0,1
6538,2554,0,5,0,100,96,100,16,100,5,0,156,151,158,6,158,6696,9555,5,1,90,133,1,0
391,2924,0,28,3,69,68,69,13,69,29,3,57,56,57,5,57,13402,55218,0,1,10,56,0,0
15567,667,0,20,14,133,128,134,17,133,21,15,35,35,35,1,35,14671,39554,6,0,66,34,0,0
540,293,0,24,0,101,97,101,18,101,25,7,216,210,218,15,218,16715,44952,3,1,91,26,0,1
17322,2400,0,26,12,175,152,176,5,175,27,3,117,115,118,22,118,14152,48997,5,0,115,105,1,1
12291,1683,0,13,17,137,132,138,14,137,14,8,166,160,168,6,168,12605,25953,6,0,122,139,1,0
12644,472,0,14,3,128,123,129,22,128,15,3,43,43,43,22,43,5848,27048,0,0,115,42,0,0
15511,1665,0,20,17,179,12,180,4,179,21,6,51,51,51,6,51,10592,39187,6,0,74,50,1,1
2478,664,0,9,12,31,31,31,17,31,9,12,147,142,149,10,149,10217,18892,2,0,31,125,0,0
82,82,0,0,13,68,67,68,10,68,0,2,7,7,7,9,7,81,82,0,1,65,7,1,1
6404,250,0,18,8,85,82,85,1,85,19,18,5,5,5,11,5,2292,34750,4,0,62,5,0,0
10804,1535,0,13,20,12,12,12,15,12,14,21,222,216,224,4,224,12080,26518,6,0,12,173,1,0
11374,1213,0,26,19,5,195,202,7,202,27,20,81,80,82,11,82,4242,50320,5,0,158,78,1,0
6796,1051,0,11,0,38,38,38,22,38,11,0,230,223,232,16,232,6982,23851,4,0,37,87,1,0
4191,563,0,22,12,220,213,221,15,221,23,12,21,21,21,18,21,2081,41738,1,0,116,21,0,0
4268,1639,0,21,5,102,98,102,23,102,22,4,165,159,167,5,167,4280,40634,0,0,92,82,1,0
2370,1970,0,19,7,52,52,52,5,52,20,7,240,232,242,18,242,9337,36303,5,0,51,181,0,0
7873,1463,0,22,18,72,71,72,13,72,23,19,83,82,84,7,84,15061,41346,1,0,68,79,1,0
6903,88,0,5,8,203,197,204,18,204,5,18,132,128,133,13,133,1538,10328,5,0,159,112,0,0
5990,2460,0,4,7,236,229,238,4,238,4,7,84,83,85,3,85,6066,8346,4,0,177,80,1,0
10858,1344,0,29,16,200,193,200,0,200,30,17,201,195,203,1,203,18484,56361,1,0,156,162,0,0
12108,2283,0,24,19,219,212,220,17,220,25,20,76,75,77,14,77,4734,44624,3,0,169,73,0,0
1483,1111,0,0,3,3,3,3,12,3,0,3,234,226,236,24,236,1471,1586,0,0,3,181,1,0
18034,2820,0,28,1,250,242,252,4,252,29,1,9,9,9,18,9,6209,54189,0,0,184,9,0,0
1439,753,0,28,15,38,38,38,23,38,29,1,34,34,34,5,34,18060,53795,0,1,37,33,1,1
235,629,0,9,2,159,154,160,3,159,10,8,142,136,143,19,143,24,24,2,1,78,121,2,19
11901,1537,0,12,4,84,72,84,0,84,13,14,108,106,109,14,109,6441,24451,5,0,79,30,0,0
195,3130,0,23,4,116,111,116,15,116,24,4,11,11,11,20,11,172,43001,2,0,104,11,1,1
680,369,0,5,22,187,180,188,16,187,5,5,6,6,6,19,6,660,11425,5,0,56,6,1,0
1712,1966,0,5,17,180,173,181,16,180,5,8,198,192,200,11,200,7331,10827,5,0,144,129,0,0
7772,980,0,20,16,39,39,39,6,39,21,17,130,126,131,23,131,8044,37917,6,0,38,50,0,0
7096,3148,0,27,17,29,29,29,8,29,28,6,130,126,131,14,131,2465,52020,6,0,29,50,0,1
3579,2173,0,11,14,55,54,55,6,55,11,15,196,190,198,10,198,4675,22619,4,0,36,97,0,0
48,2649,0,6,19,143,138,144,2,143,6,15,246,238,248,14,248,8905,14523,6,1,116,162,0,1
3604,623,0,17,7,53,53,53,1,53,18,7,91,90,92,0,92,3609,31683,3,0,52,86,0,0
123,107,0,1,17,107,103,107,8,107,1,8,1,1,1,7,1,2816,3259,1,0,97,1,0,0
2119,1590,0,3,2,71,70,71,9,71,3,0,71,71,72,2,72,4199,6203,3,1,67,68,0,1
8073,559,0,25,17,75,74,75,6,75,26,8,207,201,209,6,209,7741,48555,4,0,71,165,0,0
5889,807,0,22,12,52,52,52,2,52,23,12,176,170,178,23,178,2752,41165,1,0,51,147,1,0
14735,1042,0,18,17,40,40,40,25,40,19,8,53,52,53,6,53,826,35021,4,1,39,52,0,0
5504,865,0,11,3,134,129,135,4,134,11,3,233,225,235,10,235,379,23074,4,0,119,180,0,0
215,2231,0,8,22,237,66,239,18,239,8,5,176,170,178,10,178,10414,18763,1,0,43,147,1,0
801,675,0,24,5,112,82,112,3,112,25,4,15,15,15,11,15,14963,44391,3,0,101,15,1,0
1860,1073,0,29,14,33,33,33,6,33,31,5,178,172,180,13,180,11783,56405,1,0,10,2,0,1
4991,422,0,3,7,6,6,6,18,6,3,7,160,155,162,23,162,5045,6532,3,0,6,135,1,0
2172,849,0,16,22,126,121,127,23,126,17,5,22,22,22,4,22,2164,30414,2,1,113,22,1,0
4669,1046,0,19,21,16,16,16,4,16,20,13,19,19,19,3,19,2909,36914,5,0,16,19,0,1
3482,1385,0,5,6,94,91,94,14,94,5,9,89,88,90,3,90,118,11971,5,0,85,84,0,1
783,943,0,24,21,49,49,49,19,49,25,22,117,115,118,12,118,9591,45533,3,0,48,105,0,0
1403,1066,0,0,5,15,15,15,16,15,0,4,206,200,208,11,208,1396,1496,0,0,15,86,0,0
18,18,0,0,11,18,18,18,9,18,0,11,18,18,18,14,18,18,18,0,1,18,18,0,0
428,1839,0,27,4,143,138,144,18,143,28,14,79,78,80,3,80,12958,51578,6,2,116,76,0,0
17432,2558,0,26,4,16,16,16,27,16,27,14,125,121,126,16,126,2971,49818,5,0,16,91,1,0
59,1906,0,12,12,110,106,110,8,110,13,12,208,202,210,13,210,9438,24761,5,1,57,166,1,0
1038,1289,0,11,4,187,180,188,6,187,11,14,121,119,122,11,122,1643,23613,4,0,56,63,0,0
5147,1336,0,3,21,197,190,198,17,197,3,22,108,106,109,15,109,5187,6798,3,0,154,30,0,0
12222,327,0,12,22,2,2,2,14,2,13,5,39,39,39,11,39,6262,25716,5,0,2,38,1,0
9253,457,0,7,20,42,42,42,23,42,7,21,97,96,98,20,98,9612,16464,0,0,41,90,0,0
7549,532,0,5,4,185,178,186,8,185,5,14,228,221,230,6,230,7819,11866,5,0,148,177,0,0
7004,875,0,8,12,73,72,73,8,73,8,12,5,5,5,10,5,2713,18575,1,0,69,5,1,0
2141,2625,0,11,17,129,124,130,3,129,11,6,78,77,79,24,79,11791,23042,4,1,13,75,1,1
2125,460,0,3,17,54,7,54,23,54,3,8,151,146,153,6,153,1762,6140,3,0,32,129,0,0
212,1921,0,22,21,101,97,101,16,101,23,13,41,41,41,8,41,2482,41665,1,0,91,40,0,1
9895,914,0,19,3,227,221,229,16,229,20,3,51,51,51,8,51,15074,36342,5,1,125,50,0,0
87,86,0,0,2,72,71,72,23,72,0,2,70,70,71,8,71,86,87,0,1,68,67,1,0
11848,691,0,26,13,57,56,57,7,57,27,13,144,138,145,6,145,2307,48833,5,0,54,77,1,0
6275,478,0,7,13,84,72,84,6,84,7,13,199,193,201,4,201,6397,16155,0,0,79,116,0,0
11646,2184,0,29,0,203,197,204,3,204,30,7,52,8,52,2,52,18490,56390,1,1,159,51,0,1
613,284,0,4,17,7,7,7,3,7,4,8,138,133,139,19,139,24,24,4,0,7,118,2,0
1794,1257,0,0,0,99,53,99,8,99,0,7,176,170,178,9,178,1782,1955,0,0,89,147,0,1
12173,477,0,27,11,85,82,85,7,85,28,11,215,209,217,22,217,6140,52177,6,0,62,170,0,0
2875,347,0,6,7,225,219,227,17,227,6,7,62,62,63,1,63,8545,13628,6,0,55,61,1,0
5150,1894,0,26,14,223,217,225,3,225,27,15,48,48,48,21,48,10084,49540,5,1,171,47,1,0
12233,123,0,20,14,186,179,187,2,186,21,15,124,71,125,6,125,12552,39497,6,0,149,109,0,0
3755,2754,0,24,5,216,210,217,25,217,25,4,71,71,72,10,72,3125,44337,3,0,139,68,1,0
14937,3056,0,29,9,90,87,90,13,90,30,9,28,28,28,6,28,14911,57689,1,0,82,27,1,0
6990,2886,0,10,11,1,1,1,15,1,10,11,41,41,41,3,41,55,20901,3,0,1,40,1,0
2308,1483,0,1,2,250,242,252,13,252,1,2,56,55,56,6,56,1166,2590,1,0,184,55,1,0
2453,2,0,18,0,16,16,16,7,16,19,0,134,130,135,7,135,2610,35319,4,0,16,114,1,0
5437,913,0,3,14,177,171,178,22,177,3,15,71,71,72,1,72,5494,7315,3,1,143,68,0,0
1448,2083,0,20,12,175,152,176,12,175,21,12,100,78,101,16,101,1435,37675,6,0,115,93,0,0
14303,389,0,17,2,228,222,230,2,230,18,2,13,13,13,2,13,690,32842,3,0,170,13,1,0
6141,968,0,6,8,236,229,238,13,238,6,18,244,236,246,3,246,8384,13194,6,0,177,115,0,0
5994,1930,0,20,11,23,23,23,7,23,21,18,19,19,19,3,19,6073,39955,6,1,23,19,0,1
4271,748,0,24,8,15,15,15,10,15,25,18,224,218,226,6,226,6991,45733,3,1,15,175,0,0
812,630,0,24,7,150,145,151,3,150,25,7,199,193,201,22,201,789,44571,3,0,73,116,1,0
2081,1841,0,22,1,77,76,77,14,77,23,1,254,246,256,2,256,11778,41493,1,0,73,152,0,0
7331,809,0,5,13,116,111,116,14,116,5,13,134,130,135,13,135,7576,11301,5,0,104,114,0,0
2982,859,0,13,22,77,76,77,19,77,14,5,88,141,148,23,148,9219,26344,6,0,73,101,1,0
6168,1390,0,24,17,74,73,74,3,74,25,6,124,71,125,18,125,11697,44527,3,0,70,109,0,1
1153,2605,0,19,5,97,94,97,1,97,20,4,98,97,99,10,99,1887,36770,5,0,65,91,1,0
2825,636,0,1,4,92,89,92,4,92,1,14,225,219,227,7,227,2817,3261,1,1,84,4,0,0
8327,1485,0,27,1,151,146,152,11,151,28,1,215,209,217,1,217,11983,51506,6,0,89,170,0,0
502,118,0,23,0,201,194,201,3,201,24,0,121,119,122,3,122,3181,42436,2,0,157,63,0,0
5371,1443,0,3,0,122,117,122,23,122,3,0,180,174,182,23,182,5421,7199,3,0,109,84,1,0
2105,2045,0,26,6,247,239,249,4,249,27,6,235,227,237,20,237,2100,49717,5,0,92,182,0,0
2686,2172,0,9,5,115,110,115,11,115,9,12,71,71,72,2,72,2680,18965,2,0,103,68,0,1
2837,798,0,10,8,7,7,7,23,7,10,18,248,240,250,13,250,11262,21204,3,0,7,103,0,0
10576,1349,0,28,2,165,160,166,18,165,29,0,132,128,133,20,133,24,24,0,1,136,112,2,1
5216,1839,0,26,17,129,124,130,19,129,27,8,239,231,241,4,241,5273,50085,5,1,13,157,1,0
8633,1969,0,6,4,69,68,69,2,69,6,14,160,155,162,19,162,3104,14758,6,0,10,135,0,0
6363,1988,0,4,8,79,78,79,5,79,4,18,183,177,185,8,185,6498,9146,4,0,75,151,1,0
16609,956,0,24,3,95,92,95,0,95,25,3,160,155,162,4,162,8680,44405,3,0,86,135,1,0
4862,942,0,27,17,11,11,11,9,11,28,8,126,122,127,22,127,6750,52361,6,0,11,70,0,0
193,190,0,0,20,136,131,137,10,136,0,21,127,123,128,17,128,186,189,0,1,121,70,1,0
14887,374,0,19,15,123,118,123,7,123,20,16,196,190,198,1,198,9059,35839,5,0,110,97,0,0
16613,3101,0,24,8,133,128,134,6,133,25,18,144,138,145,24,145,16609,44415,3,0,66,77,0,0
5140,324,0,11,9,80,79,80,15,80,11,9,235,227,237,18,237,1631,22387,4,0,76,182,1,0
507,363,0,0,18,27,27,27,21,27,0,10,193,187,195,3,195,490,503,0,0,27,159,1,1
12029,2464,0,18,0,181,174,182,19,181,19,0,157,152,159,7,159,555,34469,4,0,145,100,1,0
5007,332,0,3,12,148,143,149,3,148,3,12,109,107,110,10,110,3010,6556,3,0,36,99,1,0
3842,716,0,16,19,117,112,117,8,117,17,20,218,212,220,20,220,3470,29725,2,1,105,132,0,0
5331,2094,0,24,17,107,103,107,7,107,25,8,249,241,251,23,251,6452,45046,3,1,97,185,0,0
2584,1580,0,1,21,12,12,12,1,12,1,22,84,83,85,12,85,2582,2941,1,1,12,80,1,0
5986,2642,0,20,3,204,198,205,6,205,21,17,31,31,31,3,31,6063,39462,6,0,17,30,1,1
4565,2289,0,17,8,5,5,5,8,5,18,18,169,163,171,0,171,373,32447,3,0,5,142,0,0
18682,487,0,29,13,121,116,121,11,121,30,13,89,88,90,9,90,18699,57659,1,0,108,84,1,0
3840,2452,0,4,0,202,196,203,16,203,4,0,51,51,51,16,51,6014,8246,4,1,107,50,1,0
17154,459,0,25,9,74,73,74,14,74,26,22,0,59,60,5,60,11431,47690,4,1,70,58,0,1
6694,714,0,5,9,153,148,154,12,153,5,9,53,52,53,21,53,24,24,5,0,97,52,2,0
500,449,0,0,2,203,197,204,11,204,0,2,77,76,78,6,78,483,494,0,0,159,74,0,0
1683,1769,0,12,0,50,50,50,3,50,13,0,167,161,169,2,169,1674,24130,5,0,49,140,1,0
5666,502,0,9,0,74,73,74,10,74,9,7,199,193,201,23,201,10886,20065,2,0,70,116,0,1
13639,40,0,16,5,40,40,40,15,40,17,17,80,79,81,12,81,9483,30302,2,0,39,77,1,3
1695,1876,0,10,5,148,143,149,10,148,10,4,86,85,87,17,87,11059,20533,3,0,36,81,1,0
6097,662,0,7,2,98,95,98,1,98,7,0,116,114,117,16,117,4029,16337,0,0,88,21,0,1
233,2871,0,19,6,43,43,43,11,43,20,9,75,74,76,11,76,6405,35772,5,0,42,72,0,1
2193,1167,0,6,12,164,159,165,25,164,6,12,99,98,100,21,100,8313,13013,6,0,135,92,1,0
3465,782,0,25,10,222,216,224,11,224,26,10,236,228,238,17,238,11572,48711,4,0,170,164,1,0
7593,1800,0,19,4,245,237,247,13,247,20,14,49,49,49,15,49,9267,36432,5,0,91,48,1,0
448,93,0,0,21,107,103,107,8,107,0,22,91,90,92,20,92,1851,2040,0,0,97,86,0,0
12207,484,0,18,13,148,143,149,4,148,19,2,100,78,101,10,101,7921,33648,4,0,36,93,0,1
3222,1255,0,22,13,171,166,172,8,171,23,2,188,182,190,4,190,16102,41873,1,0,141,155,1,1
2002,669,0,0,7,127,122,128,3,127,0,7,117,115,118,17,118,174,2211,0,0,114,105,0,0
1762,593,0,24,19,85,82,85,10,85,25,20,84,83,85,20,85,3620,45160,3,0,62,80,0,0
15269,2015,0,20,18,27,27,27,6,27,21,10,52,8,52,21,52,2567,37896,6,0,27,51,1,1
1173,1914,0,26,0,62,215,223,23,223,27,0,68,68,69,8,69,13995,49955,5,0,113,66,0,0
12429,1275,0,28,5,132,127,133,9,132,29,4,169,163,171,22,171,2810,53372,0,0,118,142,1,0
10822,1607,0,10,7,175,152,176,21,175,10,7,77,76,78,11,78,3426,20448,3,1,115,74,1,0
281,728,0,6,2,2,2,2,1,2,6,2,158,153,160,23,160,271,14388,6,0,2,134,0,0
324,1850,0,22,13,123,118,123,0,123,23,2,8,8,8,2,8,2457,41339,1,0,110,8,0,1
11456,1002,0,11,6,3,3,3,17,3,11,6,130,126,131,5,131,604,22633,4,0,3,50,0,0
2701,1533,0,27,12,23,23,23,16,23,28,3,176,170,178,22,178,24,24,6,0,23,147,2,1
2468,172,0,1,12,1,1,1,0,1,1,12,86,85,87,10,87,2465,2796,1,0,1,81,1,0
2402,1067,0,12,12,94,91,94,6,94,13,12,67,67,68,12,68,7550,25189,5,0,85,41,0,0
3132,1077,0,19,7,129,124,130,3,129,20,7,82,81,83,9,83,6619,36139,5,0,13,22,1,0
1730,1232,0,0,8,205,199,206,8,206,0,18,188,182,190,9,190,1717,1881,0,1,160,155,1,0
1138,2454,0,25,6,47,47,47,16,47,26,9,41,41,41,2,41,4808,6167,4,0,46,40,1,1
3643,514,0,2,20,158,153,159,4,158,2,21,122,31,123,23,123,3648,4417,2,0,132,108,1,0
159,531,0,10,9,86,83,86,0,86,10,9,7,7,7,14,7,1725,21367,3,0,80,7,0,0
6963,1761,0,5,21,199,192,56,1,199,5,22,239,231,241,8,241,7163,10463,5,0,106,157,0,0
16503,2950,0,23,3,193,186,194,14,193,24,3,70,70,71,7,71,16521,43902,2,0,150,67,0,0
6293,360,0,6,9,187,180,188,23,187,6,9,30,30,30,5,30,2933,13118,6,1,56,29,0,0
7244,281,0,26,3,5,5,5,2,5,27,3,181,175,183,14,183,13536,49716,5,0,5,149,1,0
365,2192,0,8,21,7,7,7,10,7,8,13,63,63,64,6,64,350,17967,1,0,7,62,1,1
3960,470,0,26,19,153,148,154,18,153,27,20,209,203,211,4,211,4295,50651,5,0,97,38,1,0
1480,416,0,8,19,6,6,6,0,6,8,20,213,207,215,11,215,8284,17748,1,0,6,165,0,0
26,26,0,0,5,25,25,25,6,25,0,12,25,25,25,11,25,26,26,0,1,25,25,1,1
5852,782,0,4,1,3,3,3,18,3,4,1,82,81,83,23,83,2740,9477,4,0,3,22,0,0
7173,2726,0,7,17,25,25,25,25,25,7,8,66,66,67,2,67,5339,15447,0,0,25,65,1,0
2128,1433,0,21,1,190,183,191,11,190,22,1,178,172,180,9,180,15789,40129,0,1,37,2,0,0
4631,2269,0,5,14,52,52,52,14,52,6,5,8,8,8,17,8,5778,10023,5,0,51,8,1,1
16155,2567,0,29,19,127,122,128,12,127,30,20,167,161,169,13,169,3606,57033,1,0,114,140,0,0
3492,9,0,15,13,207,201,208,11,208,16,13,155,150,157,10,157,13527,29495,1,0,143,132,1,0
5599,636,0,23,20,31,31,31,11,31,24,21,129,125,130,1,130,1908,43023,2,0,31,1,1,0
6525,1060,0,17,12,141,136,142,8,141,18,3,12,12,12,15,12,5855,32264,3,0,126,12,1,1
10405,1248,0,20,3,233,226,235,7,235,21,3,133,129,134,17,134,11920,40045,6,0,137,113,1,0
5751,173,0,10,12,144,139,145,5,144,10,12,143,137,144,11,144,6949,20559,3,0,128,122,0,0
2360,1858,0,26,5,193,186,194,13,193,27,4,35,35,35,23,35,2411,50400,5,0,150,34,1,0
3717,831,0,15,13,157,152,158,1,157,16,13,176,170,178,19,178,3546,28870,1,0,53,147,0,0
2741,753,0,1,9,227,221,229,1,229,1,22,160,155,162,22,162,2736,3147,1,0,125,135,0,1
4032,937,0,2,10,72,71,72,3,72,2,10,173,167,175,22,175,4015,4960,2,0,68,146,1,0
5854,1150,0,24,0,245,237,247,13,247,25,0,72,72,73,3,73,5923,44980,3,0,91,69,1,0
1341,1938,0,16,4,249,241,251,2,251,17,14,34,34,34,7,34,7930,30829,2,0,183,33,0,0
6198,2384,0,26,2,44,44,44,14,44,27,0,166,160,168,23,168,17491,49957,5,0,43,139,0,1
9138,2747,0,7,2,171,166,172,23,171,7,2,91,90,92,25,92,9044,16123,0,0,141,86,1,0
1657,1036,0,10,17,175,152,176,18,175,10,8,138,133,139,16,139,8728,22194,3,0,115,118,1,0
1972,1681,0,2,2,195,188,196,18,195,2,2,169,163,171,10,171,1818,4680,2,0,152,142,1,0
5415,336,0,12,1,123,118,123,9,123,13,1,46,46,46,12,46,213,25210,5,0,110,45,0,0
8100,2971,0,25,13,21,21,21,15,21,26,13,77,76,78,2,78,5709,48786,4,0,21,74,1,0
10014,2274,0,8,2,81,80,81,16,81,8,0,162,157,164,3,164,10307,18457,1,1,20,22,0,1
7094,1390,0,5,8,91,88,91,10,91,5,18,130,126,131,1,131,1528,10759,5,0,83,50,0,0
2903,1701,0,1,4,145,140,146,27,145,1,14,171,165,173,1,173,2899,3364,1,1,97,144,1,0
2740,1324,0,9,15,145,140,146,4,145,9,1,109,107,110,17,110,2733,19387,2,1,97,99,0,1
1542,299,0,0,3,145,140,146,14,145,0,3,142,136,143,10,143,1535,1660,0,0,97,121,0,0
7336,2677,0,5,19,228,222,230,18,230,5,20,89,88,90,1,90,7581,11308,5,0,170,84,1,0
5435,1036,0,28,6,145,140,146,8,145,29,6,7,7,7,4,7,9938,55470,0,0,97,7,1,0
3707,1956,0,2,18,134,129,135,6,134,2,10,41,41,41,18,41,2583,4501,2,0,119,40,1,1
747,2125,0,29,17,204,198,205,11,205,30,8,45,45,45,16,45,15526,57002,1,0,17,44,1,0
5984,2392,0,24,8,186,179,187,0,186,25,18,181,175,183,11,183,2343,45612,3,0,149,149,0,0
2140,650,0,4,8,195,188,196,6,195,4,18,146,140,147,1,147,5535,7476,4,0,152,124,0,0
5181,1991,0,24,6,132,127,133,1,132,25,6,35,35,35,23,35,7371,46440,3,0,118,34,0,0
4668,2445,0,12,12,128,123,129,6,128,13,12,64,64,65,19,65,4693,25258,5,0,115,63,1,0
12191,1391,0,12,14,63,62,63,8,63,13,15,81,80,82,24,82,12516,25617,5,1,60,78,1,0
2516,1213,0,15,9,24,24,24,19,24,16,22,130,126,131,3,131,55,28598,1,0,24,50,0,1
15004,890,0,24,17,211,205,212,6,212,25,8,48,48,48,22,48,16898,46074,3,0,164,47,1,0
6999,2180,0,10,3,134,129,135,14,134,10,3,172,166,174,16,174,785,20480,3,0,119,145,0,0
9194,237,0,13,19,199,192,56,16,199,14,20,160,155,162,1,162,12706,26322,6,0,106,135,1,0
9480,2832,0,10,3,88,85,88,25,88,10,17,122,31,123,4,123,11237,21124,3,1,81,108,0,1
4239,9,0,9,22,215,209,216,25,216,9,21,71,71,72,6,72,2788,19114,2,0,168,68,0,1
4992,90,0,6,8,163,158,164,18,163,6,18,0,59,60,15,60,1309,12950,6,0,12,58,1,0
3006,1741,0,1,0,195,188,196,10,195,1,0,100,78,101,18,101,3017,3520,1,0,152,93,0,0
4601,421,0,3,3,179,12,180,13,179,3,3,151,146,153,23,153,5383,7139,3,0,74,129,1,0
83,2,0,0,17,69,68,69,19,69,0,8,67,67,68,2,68,82,83,0,0,10,41,0,0
11111,3158,0,25,11,8,8,8,14,8,26,11,31,31,31,9,31,4440,46944,4,0,8,30,0,0
6553,853,0,16,17,19,19,19,2,19,17,8,59,58,59,2,59,12625,29689,2,0,19,18,0,0
3512,1921,0,5,0,165,160,166,23,165,5,0,142,136,143,3,143,3763,9881,5,0,136,121,0,0
3331,1003,0,19,3,46,46,46,3,46,20,3,178,172,180,21,180,1813,30021,5,0,45,2,0,0
4102,3078,0,18,3,241,233,243,23,243,19,17,10,10,10,20,10,4099,34964,4,0,179,10,0,1
2371,248,0,23,21,100,96,100,7,100,24,22,130,126,131,9,131,2302,43687,2,0,90,50,0,0
448,218,0,24,3,40,40,40,11,40,25,3,122,31,123,9,123,2741,44206,3,0,39,108,1,0
7373,2457,0,6,3,42,42,42,14,42,6,3,103,101,104,20,104,8993,14738,6,0,41,41,1,0
7133,1359,0,25,6,73,72,73,13,73,26,6,67,67,68,19,68,16122,48137,4,0,69,41,0,0
9703,707,0,18,7,24,24,24,2,24,19,7,249,241,251,20,251,12415,35427,4,0,24,185,0,0
2446,519,0,1,20,65,64,65,1,65,1,19,167,161,169,8,169,2444,3688,1,1,62,140,1,1
5268,251,0,28,2,234,227,236,6,236,29,2,89,88,90,14,90,5318,54517,0,0,161,84,1,0
91,2634,0,24,0,225,219,227,5,227,25,0,134,130,135,4,135,16564,44135,3,0,55,114,1,0
17505,578,0,26,12,5,195,202,2,202,27,3,141,135,142,19,142,15532,50305,5,0,158,120,0,1
4375,1877,0,7,11,62,61,62,4,62,7,11,50,50,50,18,50,3471,14914,0,0,59,49,0,0
4678,2469,0,18,0,150,145,151,22,150,19,0,208,202,210,16,210,9641,33451,4,0,73,166,1,0
11545,1442,0,19,3,43,43,43,5,43,20,17,34,34,34,16,34,9142,36206,5,0,42,33,0,1
1660,1479,0,26,6,149,144,150,14,149,27,6,256,248,258,22,258,15060,49094,5,0,74,187,1,0
6284,483,0,5,3,213,207,214,3,214,5,3,239,231,241,2,241,7204,10551,5,1,166,157,0,0
11880,2743,0,12,16,234,227,236,2,236,14,3,167,161,169,18,169,12156,24374,5,0,161,140,1,20
4315,1752,0,22,19,215,209,216,0,216,23,20,147,142,149,6,149,4612,41722,1,0,168,125,1,0
2795,803,0,1,21,137,132,138,4,137,1,22,100,78,101,8,101,2789,3221,1,0,122,93,1,0
7947,1397,0,10,8,211,205,212,16,212,10,18,32,32,32,6,32,9654,21250,3,0,164,31,0,0
1075,173,0,0,4,136,131,137,14,136,0,14,83,82,84,8,84,1057,1114,0,0,121,79,0,0
6992,464,0,5,20,12,12,12,5,12,5,21,180,174,182,4,182,1345,10523,5,0,12,84,0,0
9145,2124,0,7,6,94,91,94,6,94,7,9,42,42,42,17,42,4599,16148,0,0,85,41,0,1
2127,1865,0,2,16,213,207,214,11,214,2,17,136,99,137,16,137,3387,4041,2,1,166,116,1,0
2448,1870,0,24,12,43,43,43,5,43,25,12,208,202,210,17,210,1190,45039,3,0,42,166,0,0
7684,1270,0,28,19,106,102,106,4,106,29,15,94,93,95,21,95,10102,54060,0,1,96,88,1,1
3376,50,0,13,5,150,145,151,13,150,14,4,5,5,5,16,5,12857,26966,6,0,73,5,1,0
16330,127,0,29,6,247,239,249,13,249,30,6,119,117,120,9,120,13789,56099,1,0,92,106,1,0
11980,2712,0,29,20,8,8,8,22,8,30,21,147,142,149,9,149,9021,56759,1,0,8,125,1,0
1544,462,0,0,5,128,123,129,11,128,0,12,36,36,36,8,36,1537,1663,0,0,115,35,1,1
1862,1577,0,11,3,187,180,188,17,187,11,3,86,85,87,16,87,10895,23387,4,0,56,81,0,0
5459,1162,0,11,5,64,63,64,21,64,11,12,36,36,36,11,36,6288,23679,4,0,61,35,1,1
1752,1242,0,0,0,195,188,196,7,195,0,0,228,221,230,19,230,1742,1906,0,0,152,177,0,0
6898,9,0,17,4,74,73,74,13,74,18,14,108,106,109,1,109,2211,32971,3,0,70,30,0,0
11945,2524,0,29,7,39,39,39,6,39,30,7,146,140,147,3,147,598,56199,1,0,38,124,0,0
2340,495,0,1,6,82,44,82,16,82,1,6,224,218,226,10,226,2340,2632,1,0,77,175,1,0
3016,1994,0,24,16,141,136,142,10,141,25,17,174,168,176,14,176,490,46696,3,0,126,137,0,0
4499,625,0,3,16,83,81,83,1,83,3,20,227,133,229,16,229,4993,6440,3,0,78,123,0,1
7192,68,0,24,12,170,165,171,16,170,25,12,168,162,170,22,170,16945,46318,3,0,140,141,0,0
12314,430,0,13,5,5,5,5,1,5,14,4,147,142,149,6,149,9093,26673,6,0,5,125,0,0
2829,3001,0,12,6,1,1,1,3,1,13,6,237,229,239,15,239,11347,25567,5,0,1,131,0,0
14512,2322,0,18,5,185,178,186,7,185,19,4,8,8,8,9,8,11932,33802,4,0,148,8,1,0
810,690,0,0,2,1,1,1,6,1,0,2,158,153,160,9,160,786,822,0,0,1,134,1,0
8487,2594,0,6,0,100,96,100,19,100,6,0,230,223,232,16,232,7060,14336,6,0,90,87,0,0
10704,2136,0,23,10,148,143,149,18,148,24,10,151,146,153,3,153,24,24,2,0,36,129,2,0
1056,905,0,0,12,140,135,141,18,140,0,12,116,114,117,5,117,1111,1172,0,0,125,21,0,0
8926,56,0,7,9,5,195,202,1,202,7,22,156,151,158,8,158,2616,15532,0,0,158,133,1,1
13584,730,0,16,4,31,31,31,22,31,17,14,102,100,103,13,103,665,30119,2,0,31,95,1,0
360,519,0,12,17,31,31,31,8,31,13,8,73,1,74,6,74,12317,24962,5,0,31,70,0,0
11176,2890,0,13,4,101,97,101,7,101,14,14,144,138,145,20,145,4472,26964,6,0,91,77,0,0
6513,823,0,4,9,4,4,4,1,4,4,22,16,16,16,1,16,5797,9502,4,0,4,16,1,1
7303,135,0,5,16,141,136,142,16,141,5,20,15,15,15,4,15,3559,11248,5,0,126,15,1,1
1532,215,0,10,2,87,84,87,15,87,10,2,220,214,222,7,222,11306,21385,3,0,12,66,0,0
3084,63,0,16,5,40,40,40,23,40,17,4,11,11,11,11,11,3276,29512,2,0,39,11,1,0
11399,1186,0,20,2,76,75,76,18,76,21,0,20,20,20,3,20,424,39122,6,0,72,20,1,1
11241,1790,0,21,21,123,118,123,25,123,22,13,72,72,73,23,73,1896,40158,0,0,110,69,1,1
6218,3143,0,22,20,90,87,90,23,90,23,21,240,232,242,18,242,16127,42016,1,0,82,181,1,0
11023,2733,0,18,2,155,150,156,4,155,19,2,31,31,31,18,31,6431,35585,4,0,5,30,0,0
3496,1931,0,12,5,219,212,220,8,220,13,4,169,163,171,10,171,2298,24809,5,0,169,142,0,0
2036,123,0,24,8,191,184,192,6,191,25,18,144,138,145,15,145,1364,44142,3,0,95,77,0,0
2893,2465,0,8,5,43,43,43,14,43,8,12,23,23,23,8,23,2147,17400,1,0,42,23,0,1
8389,1489,0,6,0,148,143,149,1,148,6,0,120,118,121,9,121,5909,14086,6,0,36,107,0,0
5354,227,0,20,8,175,152,176,1,175,21,18,2,2,2,1,2,6808,39956,6,0,115,2,0,0
109,108,0,0,4,89,86,89,16,89,0,4,82,81,83,9,83,108,110,0,0,9,22,1,1
18088,1505,0,28,9,100,96,100,2,100,29,22,25,25,25,26,25,3245,54537,0,1,90,25,1,1
32,32,0,0,2,31,31,31,9,31,0,2,29,29,29,20,29,32,32,0,0,31,28,0,0
6138,986,0,27,12,4,4,4,21,4,28,12,19,19,19,10,19,10042,53007,6,0,4,19,1,0
13026,2503,0,15,9,94,91,94,17,94,16,22,13,13,13,3,13,5612,28286,1,0,85,13,0,1
2629,1077,0,2,8,187,180,188,12,187,2,18,31,31,31,18,31,3662,4441,2,0,56,30,0,0
1063,865,0,0,3,50,50,50,25,50,0,3,199,193,201,1,201,1044,1101,0,0,49,116,1,0
5857,2055,0,4,8,172,167,173,15,172,4,18,111,109,112,3,112,5926,8085,4,0,22,101,1,0
8287,765,0,6,8,148,143,149,10,148,6,18,116,114,117,23,117,8603,13773,6,0,36,21,1,0
2518,2992,0,27,13,28,28,28,6,28,28,13,135,131,136,10,136,6701,50888,6,0,28,115,0,0
17888,1858,0,28,12,0,0,0,9,0,29,12,79,78,80,11,80,8656,53324,0,0,0,76,0,0
17281,890,0,25,17,30,30,30,14,30,26,8,48,48,48,8,48,24,24,4,1,30,47,2,0
12614,1245,0,23,6,31,31,31,1,31,24,9,90,89,91,3,91,6509,43204,2,0,31,85,0,1
4302,1285,0,26,12,19,19,19,13,19,27,12,79,78,80,1,80,4957,50510,5,0,19,76,1,0
5353,546,0,27,0,68,67,68,12,68,28,0,19,19,19,8,19,5403,51576,6,1,65,19,1,0
5473,1224,0,17,2,26,26,26,15,26,18,2,111,109,112,16,112,1768,32970,3,0,26,101,0,0
8721,2556,0,20,17,102,98,102,13,102,21,8,210,204,212,13,212,5876,38340,6,0,92,167,0,0
5303,1226,0,29,6,31,31,31,11,31,30,6,87,86,88,16,88,943,56921,1,0,31,82,0,0
14647,2229,0,26,2,186,179,187,21,186,27,2,206,200,208,6,208,14699,49266,5,0,149,86,0,0
11149,2677,0,10,23,112,82,112,21,112,10,16,132,128,133,12,133,1411,21591,3,0,101,112,0,1
3164,1734,0,1,7,183,176,184,6,183,1,7,154,149,156,4,156,24,24,1,0,147,129,2,0
4343,3213,0,28,19,72,71,72,19,72,29,15,22,22,22,11,22,451,53862,0,1,68,22,1,1
1677,599,0,4,21,16,16,16,22,16,4,22,169,163,171,26,171,24,24,4,0,16,142,2,0
13794,845,0,16,9,163,158,164,10,163,17,9,75,74,76,15,76,3498,30875,2,0,12,72,0,0
7816,1420,0,25,4,180,173,181,18,180,26,14,110,108,111,10,111,1703,48598,4,0,144,100,1,0
15369,1359,0,20,3,200,193,200,12,200,21,3,151,146,153,6,153,15687,39630,6,0,156,129,1,0
3140,37,0,22,3,65,64,65,4,65,23,3,54,53,54,9,54,3249,41938,1,0,62,53,0,0
13929,60,0,17,6,225,219,227,14,227,18,6,230,223,232,9,232,3761,31389,3,0,55,87,0,0
3144,1292,0,1,13,203,197,204,3,204,1,13,66,66,67,7,67,3161,3726,1,0,159,65,0,0
18001,1049,0,29,16,118,113,118,18,118,30,17,159,154,161,24,161,18569,57476,1,0,30,21,1,0
4126,2054,0,2,17,102,98,102,17,102,2,8,117,115,118,16,118,1106,5124,2,0,92,105,0,0
787,2672,0,21,6,66,65,66,17,66,22,9,30,30,30,24,30,5628,40484,0,0,63,29,0,1
2575,56,0,23,17,166,161,167,6,166,24,9,236,228,238,15,238,16545,44015,2,0,137,164,1,4
12341,447,0,14,7,180,173,181,13,180,15,14,163,62,165,8,165,4017,27166,0,0,144,137,1,1
12250,711,0,26,20,125,120,126,1,125,27,21,208,202,210,23,210,5253,50227,5,0,112,166,0,0
3797,793,0,4,3,211,205,212,21,212,4,3,97,96,98,17,98,5732,8260,4,0,164,90,0,0
719,658,0,12,16,118,113,118,14,118,13,17,236,228,238,15,238,12087,24124,5,0,30,164,1,0
4657,2291,0,3,2,155,150,156,2,155,3,2,60,60,61,3,61,733,6607,3,0,5,59,1,0
22,907,0,22,14,22,22,22,13,22,24,5,21,21,21,10,21,22,42010,1,0,22,21,1,1
6250,492,0,25,0,90,87,90,13,90,26,0,244,236,246,2,246,6816,46717,4,0,82,115,0,0
1283,158,0,2,6,157,152,158,0,157,2,6,226,220,228,9,228,3195,4655,2,1,53,176,0,0
6013,630,0,4,16,159,154,160,6,159,4,17,26,26,26,12,26,6103,8406,4,0,78,26,0,0
1511,1126,0,0,19,221,214,222,22,222,0,20,82,81,83,18,83,1505,1625,0,0,167,22,0,0
11177,111,0,10,5,148,143,149,15,148,10,4,38,38,38,16,38,11411,21711,3,0,36,37,1,0
6727,577,0,5,5,127,122,128,25,127,5,12,215,209,217,1,217,2278,9936,5,1,114,170,0,1
1338,2364,0,9,21,116,111,116,7,116,9,22,174,168,176,17,176,7818,20432,2,0,104,137,0,0
643,568,0,6,17,157,152,158,23,157,6,6,221,215,223,11,223,5393,13601,6,0,53,172,0,1
457,414,0,0,11,133,128,134,1,133,0,11,3,3,3,18,3,438,447,0,1,66,3,0,0
68,68,0,0,13,58,57,58,17,58,0,13,58,57,58,11,58,68,68,0,1,55,57,0,0
6898,2319,0,5,5,74,73,74,1,74,5,4,93,92,94,9,94,7088,10316,5,1,70,2,0,0
1121,902,0,0,21,102,98,102,17,102,0,22,117,115,118,10,118,1106,1165,0,0,92,105,0,0
3729,3152,0,23,21,157,152,158,12,157,24,22,110,108,111,6,111,9706,43495,2,0,53,100,0,0
5321,1795,0,8,4,181,174,182,25,181,8,14,77,76,78,18,78,531,17600,1,0,145,74,1,0
13513,3204,0,28,21,191,184,192,7,191,29,22,23,23,23,18,23,4088,54516,0,0,95,23,0,0
4331,1235,0,6,6,248,240,250,6,250,6,9,188,182,190,3,190,8056,12413,6,1,28,155,1,1
8799,1172,0,27,11,116,111,116,6,116,28,11,37,37,37,22,37,5219,51098,6,0,104,36,1,0
10976,431,0,29,22,27,27,27,12,27,30,21,80,79,81,4,81,1799,56188,1,1,27,77,1,1
5521,1495,0,18,8,110,106,110,8,110,19,18,248,240,250,15,250,14481,33472,4,0,57,103,0,0
7385,2321,0,9,7,164,159,165,17,164,9,14,90,89,91,1,91,3092,18894,2,1,135,85,1,1
8569,1985,0,6,7,164,159,165,21,164,6,7,50,50,50,3,50,8318,14566,6,1,135,49,1,0
16445,1537,0,23,11,144,139,145,13,144,24,11,126,122,127,4,127,16476,43695,2,0,128,70,1,0
16544,929,0,26,6,69,68,69,4,69,27,6,125,121,126,22,126,17552,50367,5,0,10,91,0,0
4129,122,0,9,13,155,150,156,21,155,9,13,116,114,117,12,117,10658,19423,2,0,5,21,0,0
11883,1433,0,12,7,254,246,256,22,256,13,7,144,138,145,14,145,12160,24381,5,0,163,77,0,0
3997,1656,0,2,21,164,159,165,6,164,2,13,90,89,91,24,91,3092,5354,2,0,135,85,1,1
482,1420,0,18,7,83,81,83,0,83,19,7,82,81,83,8,83,465,34939,4,0,78,22,0,0
5111,468,0,10,4,89,86,89,17,89,10,4,238,230,240,12,240,11578,22229,3,0,9,158,0,1
2524,2214,0,12,5,62,215,223,2,223,13,4,181,175,183,8,183,8143,25090,5,0,113,149,0,0
7546,1751,0,17,3,136,131,137,4,136,18,17,130,126,131,3,131,7173,16410,3,0,121,50,0,1
3895,160,0,5,7,236,229,238,8,238,5,7,44,44,44,18,44,3888,11277,5,0,177,43,0,0
792,1675,0,23,3,12,12,12,9,12,24,3,57,56,57,15,57,1202,42894,2,0,12,56,0,0
3094,2076,0,15,7,127,122,128,16,127,16,7,7,7,7,8,7,1822,29226,1,0,114,7,0,0
411,298,0,0,14,6,6,6,18,6,0,15,52,8,52,22,52,394,400,0,0,6,51,1,0
2177,2393,0,29,3,120,115,120,4,120,30,3,252,244,254,16,254,1097,56497,1,0,107,186,0,0
190,191,0,7,9,110,106,110,21,110,7,9,94,93,95,16,95,4685,16429,0,1,57,88,1,0
10824,2661,0,18,4,73,72,73,6,73,19,14,88,141,148,11,148,12647,33934,4,0,69,101,1,0
4599,1917,0,3,3,128,123,129,15,128,3,3,4,4,4,15,4,3605,6809,3,0,115,4,0,0
9083,2803,0,7,0,142,137,143,5,142,7,0,12,12,12,16,12,6928,15975,0,0,127,12,1,0
36,2243,0,27,7,210,204,211,15,211,28,7,57,56,57,15,57,36,53077,6,1,163,56,1,0
777,2718,0,7,4,141,136,142,13,141,7,14,8,8,8,24,8,753,16510,0,0,126,8,1,0
1218,160,0,12,3,201,194,201,22,201,13,3,27,27,27,4,27,3098,24454,5,1,157,16,0,0
508,2280,0,20,0,197,190,198,4,197,21,0,103,101,104,2,104,15623,39262,6,0,154,41,0,0
5849,1494,0,7,0,110,106,110,10,110,7,0,147,142,149,4,149,8739,15441,0,0,57,125,1,0
5002,1420,0,11,0,100,96,100,11,100,11,0,19,19,19,22,19,1563,22790,4,0,90,19,0,0
3389,1216,0,2,4,66,65,66,6,66,2,14,178,172,180,2,180,3411,4075,2,0,63,2,0,0
10038,2350,0,26,12,16,16,16,4,16,27,12,138,133,139,3,139,13729,49706,5,0,16,118,1,0
13763,344,0,16,0,228,222,230,26,230,17,0,242,234,244,14,244,1670,30758,2,0,170,120,0,0
8152,1811,0,6,3,89,86,89,1,89,6,3,237,229,239,23,239,8461,13423,6,0,9,131,0,0
3339,2497,0,21,3,128,123,129,16,128,22,3,191,185,193,5,193,3361,40534,0,0,115,158,1,0
463,358,0,29,14,236,229,238,14,238,30,15,77,76,78,14,78,2214,57545,1,0,177,74,1,0
370,911,0,4,2,108,104,108,0,108,4,2,59,58,59,20,59,355,7785,4,0,98,18,1,0
3072,616,0,3,20,79,78,79,3,79,3,21,249,241,251,20,251,159,5712,3,0,75,185,0,0
8065,517,0,25,2,68,67,68,7,68,26,0,53,52,53,23,53,12802,47438,4,0,65,52,1,1
1184,1067,0,1,16,137,132,138,21,137,1,17,83,82,84,2,84,1915,3029,1,0,122,79,1,0
9204,231,0,9,13,136,131,137,25,136,9,13,99,98,100,4,100,7635,18893,2,0,121,92,1,0
16641,2609,0,24,12,116,111,116,21,116,25,12,0,0,0,2,0,7538,44565,3,0,104,0,1,0
5427,2796,0,20,13,185,178,186,13,185,21,2,45,45,45,15,45,5476,14247,6,0,148,44,0,1
12266,748,0,23,14,53,53,53,13,53,24,15,84,83,85,21,85,1075,43422,2,1,52,80,1,0
309,1634,0,7,3,39,39,39,4,39,7,17,15,15,15,23,15,2208,16774,0,1,38,15,1,1
8103,1515,0,6,7,194,187,195,3,194,6,7,199,193,201,14,201,8415,13285,6,0,151,116,0,0
6690,671,0,28,21,198,191,199,1,198,29,22,51,51,51,2,51,18129,54197,0,1,155,50,1,0
9752,2178,0,26,8,103,99,103,8,103,27,8,98,97,99,4,99,24,24,5,0,93,91,2,1
9470,55,0,8,7,218,210,219,23,219,8,7,79,78,80,13,80,9842,17133,1,0,20,76,1,0
7467,323,0,5,14,118,113,118,18,118,5,15,182,176,184,9,184,7739,11656,5,0,30,150,0,0
3225,710,0,10,2,191,184,192,18,191,10,2,79,78,80,14,80,11384,21627,3,0,95,76,1,0
7366,562,0,5,19,136,131,137,16,136,5,20,185,179,187,16,187,7613,11387,5,1,121,147,1,0
460,2283,0,25,12,184,177,185,4,184,26,12,114,112,115,21,115,17032,46814,4,1,46,17,0,0
1136,912,0,0,12,25,25,25,23,25,0,12,208,202,210,24,210,1123,1185,0,0,25,166,1,0
800,8,0,20,2,234,227,236,17,236,21,2,19,19,19,21,19,775,39374,6,0,161,19,0,0
5649,178,0,20,19,181,174,182,21,181,22,7,89,88,90,4,90,13972,37482,6,0,145,84,0,6
2396,1091,0,4,12,207,201,208,10,208,4,12,91,90,92,3,92,6003,8226,4,0,143,86,0,0
144,1432,0,29,19,83,81,83,19,83,30,20,132,128,133,6,133,3464,56331,1,0,78,112,1,0
962,375,0,0,6,102,98,102,8,102,0,6,245,237,247,15,247,942,991,0,0,92,183,0,0
7019,2593,0,7,16,57,56,57,13,57,7,17,26,26,26,23,26,4622,16168,0,0,54,26,1,0
1225,749,0,17,13,230,224,232,1,232,18,2,41,41,41,6,41,7191,32411,3,0,175,40,1,1
4121,126,0,2,19,16,16,16,8,16,2,20,162,157,164,6,164,4067,5118,2,0,16,22,0,0
8843,2,0,7,16,227,221,229,23,229,7,17,169,163,171,13,171,4963,15321,0,0,125,142,0,0
8801,1404,0,23,21,191,184,192,17,191,24,22,179,173,181,15,181,2814,43036,2,0,95,148,1,0
9608,1679,0,22,15,27,27,27,22,27,23,1,37,37,37,21,37,11878,41470,1,0,27,36,1,1
11433,2899,0,28,19,10,10,10,14,10,29,20,165,159,167,13,167,14406,54788,0,0,10,82,0,0
5761,363,0,28,22,148,143,149,18,148,29,21,21,21,21,5,21,5213,53646,0,1,36,21,1,1
9371,2167,0,20,2,31,31,31,11,31,21,2,189,183,191,18,191,15449,38390,6,1,31,156,0,0
12761,3049,0,14,22,102,98,102,19,102,15,5,129,125,130,2,130,11555,27416,0,0,92,1,1,0
13185,697,0,22,1,76,75,76,13,76,23,1,80,79,81,21,81,412,41003,1,0,72,77,0,0
5492,2305,0,4,3,101,97,101,18,101,4,3,49,49,49,2,49,1803,7423,4,1,91,48,1,0
7580,2259,0,24,17,69,68,69,19,69,25,8,202,196,204,11,204,16868,45890,3,0,10,26,1,0
13255,2778,0,15,13,160,155,161,16,160,16,13,64,64,65,8,65,13418,29073,1,0,133,63,1,0
864,30,0,0,9,103,99,103,23,103,0,9,27,27,27,20,27,1496,1614,0,0,93,16,1,0
9796,2177,0,9,18,87,84,87,19,87,9,19,228,221,230,2,230,10584,19228,2,0,12,177,0,0
16620,2461,0,24,5,114,109,114,17,114,25,4,148,143,150,5,150,16321,44461,3,0,102,126,1,0
2962,920,0,4,13,148,143,149,6,148,4,13,253,245,255,10,255,2143,8631,4,0,36,168,0,0
15472,1328,0,20,5,176,170,177,16,176,21,4,181,175,183,11,183,15570,39010,6,0,142,149,1,0
7838,2573,0,10,21,123,118,123,11,123,10,22,102,100,103,1,103,106,20546,3,0,110,95,1,0
15783,2879,0,22,6,1,1,1,16,1,23,9,164,158,166,19,166,4539,40875,1,0,1,138,1,1
4678,405,0,3,9,91,88,91,26,91,3,9,208,202,210,23,210,4709,6014,3,1,83,166,1,0
4707,1957,0,17,11,229,223,231,19,231,18,18,243,235,245,2,245,3328,31128,3,0,174,176,0,1
521,804,0,10,8,3,3,3,8,3,10,18,166,160,168,2,168,293,20821,3,0,3,139,1,0
3484,2032,0,19,7,136,131,137,5,136,20,7,241,233,243,20,243,8429,36668,5,0,121,153,1,0
4070,2622,0,26,8,40,40,40,0,40,27,18,31,31,31,4,31,4703,49076,5,0,39,30,0,0
4086,342,0,9,20,25,25,25,6,25,9,21,121,119,122,12,122,10683,19483,2,0,25,63,1,0
14810,1595,0,18,22,41,41,41,27,41,19,5,209,203,211,0,211,24,24,4,0,40,38,2,0
13041,522,0,15,21,140,135,141,17,140,16,4,149,144,151,18,151,24,24,1,1,125,127,2,2
9656,2487,0,8,21,22,22,22,6,22,8,22,127,123,128,21,128,2406,17584,1,0,22,70,1,0
16898,1950,0,24,17,26,26,26,19,26,25,8,250,242,252,29,252,16891,46036,3,0,26,116,1,0
5849,1594,0,20,4,51,51,51,23,51,21,14,147,142,149,15,149,12691,39264,6,0,50,125,1,0
1826,727,0,29,4,211,205,212,21,212,30,4,57,56,57,15,57,7994,56277,1,0,164,56,1,1
3327,328,0,2,21,225,219,227,8,227,2,22,125,121,126,10,126,3347,3987,2,0,55,91,1,0
2208,1504,0,20,12,170,165,171,23,170,21,12,179,173,181,13,181,3472,38396,6,0,140,148,1,0
7899,2394,0,12,0,22,22,22,16,22,13,0,9,9,9,14,9,6458,24039,5,0,22,9,0,0
9291,1925,0,7,4,81,80,81,7,81,7,14,15,15,15,10,15,9649,16562,0,0,20,15,0,0
9994,1808,0,8,12,194,187,195,2,194,8,12,147,142,149,18,149,10289,18407,1,0,151,125,0,0
733,644,0,0,18,207,201,208,12,208,0,19,41,41,41,19,41,711,738,0,0,143,40,0,0
5880,2969,0,22,9,77,76,77,18,77,23,9,102,100,103,20,103,11868,41877,1,0,73,95,1,0
7892,1623,0,20,16,181,174,182,13,181,21,20,88,141,148,8,148,9091,37529,6,0,145,101,1,1
2837,318,0,7,4,82,44,82,11,82,7,14,139,134,140,18,140,1080,15573,0,0,77,119,0,0
4777,321,0,22,20,145,140,146,20,145,23,21,21,21,21,3,21,3209,41051,1,0,97,21,0,0
5035,1490,0,3,0,218,210,219,13,219,3,0,5,5,5,21,5,5082,6599,3,0,20,5,1,0
6140,1693,0,7,8,70,69,70,22,70,7,18,252,244,254,9,254,6718,15240,0,1,66,186,0,0
6396,2831,0,13,21,41,41,41,1,41,14,13,129,125,130,21,130,4585,25960,6,1,40,1,0,1
4268,2117,0,18,0,194,187,195,3,194,19,0,17,17,17,16,17,4280,35299,4,0,151,17,0,0
12401,1667,0,13,9,123,118,123,0,123,14,9,206,200,208,2,208,8272,26255,6,0,110,86,0,0
1718,3121,0,24,13,94,91,94,23,94,25,13,19,19,19,19,19,12181,44992,3,0,85,19,0,0
11377,2069,0,11,12,215,209,216,7,216,11,12,165,159,167,24,167,6590,22377,4,0,168,82,1,0
10055,2447,0,24,3,165,160,166,7,165,25,3,96,95,97,13,97,11317,26100,3,0,136,89,1,0
23,193,0,14,19,84,72,84,12,84,15,20,22,22,22,24,22,569,27514,0,0,79,22,1,0
7544,1249,0,8,5,128,123,129,6,128,8,4,7,7,7,10,7,10154,18055,1,0,115,7,1,0
738,1766,0,5,2,14,14,14,16,14,5,0,31,31,31,20,31,6822,9785,5,0,14,30,1,1
5560,2725,0,6,8,241,233,243,10,243,6,18,180,174,182,26,182,5102,14459,6,0,179,84,0,0
3483,2137,0,25,9,175,152,176,9,175,26,9,141,135,142,8,142,16960,48660,4,0,115,120,1,0
13909,1560,0,17,8,76,75,76,19,76,18,18,25,25,25,21,25,1023,31294,3,1,72,25,1,0
105,85,0,0,2,51,51,51,12,51,0,2,78,77,79,20,79,104,105,0,0,50,75,1,0
6808,733,0,5,12,239,231,241,12,241,5,12,31,31,31,11,31,3848,10130,5,0,178,30,1,0
14169,1132,0,17,0,95,92,95,5,95,18,0,21,21,21,13,21,3217,32397,3,0,86,21,1,0
6956,1097,0,8,2,178,172,179,23,178,8,0,110,108,111,18,111,216,17971,1,0,49,100,1,1
14505,18,0,18,12,21,21,21,14,21,19,12,209,203,211,8,211,669,33750,4,0,21,38,1,0
1094,2913,0,17,13,85,82,85,25,85,18,13,133,129,134,24,134,1079,31620,3,0,62,113,1,0
108,107,0,0,4,88,85,88,16,88,0,14,74,73,75,14,75,107,109,0,1,81,71,1,0
15318,741,0,27,5,101,97,101,10,101,28,4,41,41,41,10,41,2482,53004,6,0,91,40,0,0
4723,432,0,3,8,63,62,63,1,63,3,18,166,160,168,5,168,4761,6093,3,0,60,139,1,0
14771,2982,0,18,5,181,174,182,7,181,19,4,220,214,222,24,222,2941,35223,4,0,145,66,0,0
425,345,0,3,5,189,182,190,10,189,3,4,41,41,41,16,41,407,6267,3,0,14,40,0,0
6177,518,0,5,11,37,37,37,4,37,5,11,224,218,226,26,226,7272,10691,5,0,36,175,0,0
17982,434,0,28,19,84,72,84,23,84,29,15,8,8,8,10,8,24,24,0,0,79,8,2,1
3896,1964,0,17,19,159,154,160,22,159,18,20,158,153,160,23,160,1632,31130,3,0,78,134,0,0
11161,2278,0,10,16,180,173,181,4,180,10,17,163,62,165,22,165,4017,21636,3,0,144,137,1,0
4538,907,0,17,3,91,88,91,23,91,18,3,157,152,159,15,159,4561,32192,3,1,83,100,1,0
11952,2404,0,12,7,252,244,254,7,254,13,7,225,219,227,21,227,12550,25764,5,1,186,4,0,0
8292,1428,0,6,5,180,173,181,14,180,6,4,117,115,118,22,118,1012,13788,6,0,144,105,0,0
17790,2758,0,27,8,137,132,138,8,137,28,18,43,43,43,18,43,5385,52567,6,0,122,42,0,0
1681,1683,0,3,9,117,112,117,20,117,3,9,176,170,178,11,178,4642,6925,3,0,105,147,0,0
10349,732,0,9,3,41,41,41,12,41,9,3,68,68,69,3,69,367,19254,2,0,40,66,0,0
8349,2330,0,10,2,183,176,184,15,183,10,2,220,214,222,8,222,8584,21015,3,0,147,66,0,0
6371,1133,0,23,8,134,129,135,11,134,24,18,230,223,232,18,232,7116,42439,2,0,119,87,1,0
2819,182,0,4,16,166,161,167,13,166,4,17,242,234,244,1,244,1166,9314,4,0,137,120,0,0
9798,1226,0,16,8,93,90,93,6,93,17,18,199,193,201,15,201,13586,29737,2,0,46,116,0,0
2076,1962,0,20,13,36,36,36,0,36,21,2,89,88,90,8,90,15665,39514,6,1,35,84,0,1
581,645,0,14,9,177,171,178,14,177,15,22,36,36,36,12,36,560,27531,0,0,143,35,1,1
1693,61,0,1,1,24,24,24,2,24,1,1,136,99,137,8,137,2702,3104,1,0,24,116,1,0
15996,1463,0,22,22,200,193,200,0,200,23,5,103,101,104,23,104,86,42028,1,0,156,41,0,0
7290,1637,0,29,22,257,249,262,19,259,30,5,117,115,118,4,118,18458,56187,1,0,190,105,0,0
987,362,0,7,10,116,111,116,13,116,7,10,11,11,11,19,11,172,16112,0,0,104,11,1,0
11344,2222,0,10,6,103,99,103,4,103,10,6,204,198,206,9,206,1817,22247,3,0,93,87,1,0
577,517,0,0,3,180,173,181,8,180,0,17,7,7,7,9,7,555,573,0,1,144,7,0,1
3293,2290,0,17,2,17,17,17,19,17,18,0,149,144,151,14,151,14289,32672,3,0,17,127,0,1
8357,759,0,21,16,116,111,116,14,116,22,17,78,77,79,1,79,2651,40595,0,0,104,75,0,0
1659,537,0,29,6,198,191,199,3,198,30,6,27,27,27,4,27,1948,57661,1,0,155,16,0,0
6270,2131,0,5,4,34,34,34,9,34,5,14,82,81,83,6,83,2074,10336,5,0,33,22,1,0
6217,149,0,20,17,201,194,201,15,201,21,8,72,72,73,18,73,103,39973,6,0,157,69,1,0
3448,18,0,14,17,94,91,94,9,94,15,6,128,124,129,22,129,1708,27723,0,0,85,110,0,1
8685,2791,0,28,0,191,184,192,10,191,29,0,209,203,211,11,211,18044,53635,0,0,95,38,1,0
3350,1160,0,2,13,245,237,247,23,247,2,2,192,186,194,3,194,1117,4019,2,1,91,110,0,1
17448,643,0,26,9,8,8,8,14,8,27,9,51,51,51,22,51,10253,49898,5,0,8,50,0,0
4638,909,0,12,0,66,65,66,21,66,13,0,182,176,184,3,184,4968,25156,5,1,63,150,0,0
14252,1156,0,18,21,141,136,142,13,141,19,22,117,115,118,12,118,1638,34774,4,0,126,105,1,0
17036,2464,0,25,13,74,73,74,3,74,26,13,162,157,164,4,164,3456,46945,4,1,70,22,0,0
7070,612,0,7,13,202,196,203,7,203,7,2,78,77,79,3,79,9013,14798,0,1,107,75,1,1
3165,366,0,1,18,232,11,234,19,234,1,19,158,153,160,1,160,3182,3755,1,0,176,134,1,0
4424,1885,0,3,8,26,26,26,13,26,3,8,51,51,51,18,51,1579,6508,3,0,26,50,1,1
14151,1788,0,17,4,234,227,236,25,236,18,4,6,6,6,14,6,14196,32228,3,0,161,6,1,1
11263,2950,0,17,5,208,202,209,19,209,18,4,180,174,182,26,182,1792,32956,3,0,162,84,1,0
5176,1356,0,25,11,123,118,123,16,123,26,18,129,125,130,1,130,2248,48264,4,1,110,1,1,1
3189,1813,0,1,15,52,52,52,25,52,1,16,122,31,123,9,123,3204,3790,1,0,51,108,1,0
3144,1329,0,28,13,191,184,192,25,191,29,2,49,49,49,20,49,2023,55608,0,0,95,48,0,1
6510,2098,0,27,22,13,13,13,21,13,28,5,110,108,111,4,111,2256,52156,6,0,13,100,0,0
3934,144,0,15,14,247,239,249,18,249,16,15,45,45,45,16,45,2719,28741,1,0,92,44,1,0
2686,1592,0,13,7,82,44,82,14,82,14,7,249,241,251,11,251,2680,26193,6,0,77,185,1,0
409,495,0,24,12,18,18,18,23,18,25,12,51,51,51,22,51,10827,46233,3,1,18,50,0,0
6634,213,0,18,9,165,160,166,13,165,19,9,148,143,150,8,150,14712,34533,4,0,136,126,0,0
1314,1009,0,0,8,39,39,39,25,39,0,8,139,134,140,10,140,1302,1391,0,1,38,119,0,1
2187,885,0,13,2,235,228,237,0,237,14,2,35,35,35,1,35,5019,26867,6,0,66,34,1,0
1350,1311,0,0,2,0,0,0,17,0,0,2,20,20,20,18,20,1888,2085,0,0,0,20,1,0
16933,1979,0,24,8,62,215,223,5,223,25,18,15,15,15,13,15,4988,46291,3,1,113,15,0,0
3484,1661,0,5,0,136,131,137,14,136,5,0,96,95,97,3,97,7509,11161,5,0,121,89,1,0
965,1641,0,9,7,68,67,68,1,68,9,7,218,212,220,14,220,10476,20097,2,0,65,132,1,0
9403,2228,0,15,21,3,3,3,7,3,16,22,225,219,227,6,227,9876,28757,1,0,3,4,0,0
5008,73,0,10,21,115,110,115,2,115,10,22,198,192,200,24,200,11389,21639,3,1,103,129,1,0
10275,256,0,9,18,62,61,62,9,62,9,10,34,34,34,20,34,6901,19093,2,0,59,33,0,1
3277,310,0,1,5,26,26,26,23,26,1,4,158,153,160,10,160,3305,3925,1,0,26,134,0,0
1456,1096,0,0,5,57,56,57,3,57,0,4,232,224,234,7,234,1444,1555,0,1,54,179,1,0
1132,2585,0,25,12,93,90,93,21,93,26,12,209,203,211,26,211,7650,47203,4,0,46,38,0,0
2186,2339,0,8,11,5,5,5,9,5,8,11,75,74,76,6,76,268,17554,1,0,5,72,0,0
805,1190,0,20,11,52,52,52,14,52,21,18,180,174,182,2,182,781,37853,6,1,51,84,0,1
1156,920,0,0,2,232,11,234,11,234,0,2,144,138,145,4,145,1143,1206,0,0,176,77,1,0
12177,2539,0,28,0,148,143,149,25,148,29,0,192,186,194,19,194,1978,55508,0,0,36,110,1,0
5453,1435,0,20,12,76,75,76,21,76,21,12,14,14,14,12,14,6306,37775,6,0,72,14,1,0
5432,511,0,12,5,25,25,25,2,25,13,12,37,37,37,6,37,3167,25053,5,0,25,36,1,1
11627,974,0,11,8,7,7,7,3,7,11,18,198,192,200,0,200,1992,23282,4,0,7,129,1,0
5186,1957,0,28,21,130,125,131,23,130,29,22,124,71,125,3,125,18081,54200,0,0,116,109,1,0
4861,607,0,18,6,12,12,12,2,12,19,6,28,28,28,21,28,1643,34478,4,0,12,27,1,0
11545,2460,0,25,8,72,71,72,18,72,26,18,102,100,103,24,103,11776,48737,4,0,68,95,1,0
13169,1947,0,28,3,139,134,140,13,139,29,3,91,90,92,11,92,12206,54497,0,0,124,86,1,0
11190,53,0,17,5,5,195,202,21,202,18,4,36,36,36,5,36,4702,32324,3,0,158,35,0,0
292,299,0,24,13,234,227,236,13,236,25,13,94,93,95,4,95,2118,45005,3,0,161,88,1,0
8286,2953,0,18,7,175,152,176,21,175,19,7,180,174,182,13,182,6028,35392,4,0,115,84,0,0
11185,1133,0,25,19,11,11,11,1,11,26,20,106,104,107,20,107,8686,47689,4,0,11,33,1,0
13474,1904,0,16,13,3,3,3,17,3,17,13,118,116,119,5,119,2925,29793,2,0,3,28,1,0
8118,962,0,6,4,40,40,40,16,40,6,14,107,105,108,4,108,8427,13336,6,0,39,98,0,0
6320,129,0,4,16,221,214,222,5,222,4,17,41,41,41,6,41,6444,9049,4,0,167,40,1,0
4570,1522,0,18,3,26,26,26,10,26,19,3,100,78,101,16,101,1143,1206,4,0,26,93,0,0
1933,424,0,15,19,131,126,132,16,131,16,20,144,138,145,14,145,1301,29345,1,0,117,77,1,0
69,2609,0,18,13,59,58,59,19,59,19,13,87,86,88,6,88,4398,34874,4,0,56,82,1,0
2489,2053,0,14,20,31,31,31,1,31,15,21,39,39,39,8,39,12982,27405,0,0,31,38,0,0
6398,230,0,4,4,43,43,43,16,43,4,14,214,208,216,20,216,6540,9219,4,0,42,169,1,0
265,1829,0,7,3,171,166,172,8,171,7,3,41,41,41,19,41,1201,15380,0,0,141,40,0,0
2381,1208,0,15,14,39,39,39,15,39,17,5,106,104,107,6,107,1573,28610,1,0,38,33,1,1
5631,312,0,24,11,64,63,64,2,64,25,11,57,56,57,19,57,5698,44595,3,0,61,56,0,0
12188,49,0,12,5,82,44,82,7,82,13,4,61,61,62,22,62,12512,25605,5,0,77,60,1,0
3228,86,0,8,19,173,168,174,23,173,8,20,39,39,39,16,39,3342,17875,1,0,95,38,1,0
295,1273,0,10,14,111,107,111,14,111,10,15,149,144,151,23,151,11503,21978,3,0,100,127,0,0
4175,1167,0,12,7,84,72,84,19,84,13,7,75,74,76,7,76,3530,25370,5,0,79,72,0,0
18620,1237,0,29,21,148,143,149,6,148,30,22,139,134,140,6,140,8937,57391,1,0,36,119,0,0
9139,2091,0,10,2,198,191,199,2,198,10,0,164,158,166,24,166,1621,21203,3,0,155,138,1,1
4826,1919,0,6,13,12,12,12,9,12,6,2,73,1,74,20,74,1440,14771,6,1,12,70,1,1
971,804,0,0,9,241,233,243,23,243,0,9,76,75,77,23,77,952,1002,0,0,179,73,1,0
1128,2460,0,6,6,158,153,159,22,158,6,9,147,142,149,2,149,1115,14340,6,0,132,125,1,1
5215,2382,0,26,8,160,155,161,21,160,27,18,82,81,83,4,83,3654,50650,5,0,133,22,0,0
3705,1360,0,20,6,8,8,8,18,8,21,6,42,42,42,15,42,6165,37505,6,0,8,41,0,0
8205,2609,0,19,2,58,57,58,23,58,20,2,146,140,147,10,147,15189,36944,5,0,55,124,0,0
4271,14,0,2,8,15,15,15,13,15,2,18,132,128,133,20,133,262,5374,2,0,15,112,0,0
20,20,0,0,13,20,20,20,14,20,0,13,19,19,19,15,19,20,20,0,0,20,19,1,0
1021,2362,0,23,16,16,16,16,7,16,24,17,252,244,254,1,254,16325,42915,2,1,16,186,0,0
6292,2266,0,11,0,116,111,116,9,116,11,0,76,75,77,16,77,2334,22481,4,0,104,73,0,0
14846,2812,0,18,11,40,40,40,6,40,19,18,153,148,155,10,155,14922,35595,4,1,39,131,0,1
2941,748,0,1,13,243,235,245,10,245,1,2,202,196,204,3,204,2939,3420,1,1,181,26,1,1
6406,46,0,5,17,212,206,213,25,213,5,8,222,216,224,16,224,7775,11747,5,1,165,173,1,0
40,40,0,0,14,37,37,37,16,37,0,15,0,0,0,15,0,40,40,0,0,36,0,0,0
9857,985,0,8,2,227,221,229,7,229,8,2,66,66,67,7,67,10172,18054,1,0,125,65,0,0
7875,212,0,14,21,146,141,147,25,146,15,13,36,36,36,23,36,3192,27064,0,0,129,35,0,1
1869,1733,0,7,15,103,99,103,19,103,7,16,148,143,150,14,150,1728,15478,0,0,93,126,1,0
2768,3173,0,27,11,224,218,226,3,226,28,11,151,146,153,9,153,2764,51581,6,0,172,129,0,0
11121,2330,0,19,11,150,145,151,15,150,20,11,78,77,79,8,79,2395,36111,5,0,73,75,1,0
4511,1945,0,19,7,121,116,121,12,121,20,7,192,186,194,8,194,4533,36679,5,0,108,110,1,0
11714,2062,0,26,7,209,203,210,14,210,27,7,116,114,117,16,117,901,49610,5,0,75,21,1,0
133,448,0,6,2,77,76,77,2,77,6,2,17,17,17,9,17,133,14769,6,0,73,17,1,0
3985,314,0,6,5,132,127,133,3,132,6,12,147,142,149,1,149,8627,13850,6,1,118,125,1,1
8400,1677,0,29,20,181,174,182,25,181,30,19,88,141,148,10,148,9091,56496,1,0,145,101,1,1
15918,812,0,25,14,8,8,8,6,8,26,15,147,142,149,23,149,9021,48183,4,0,8,125,1,0
4262,1358,0,2,3,17,17,17,14,17,2,3,50,50,50,3,50,4274,5362,2,0,17,49,0,0
11206,1486,0,10,21,55,54,55,1,55,10,22,211,205,213,23,213,11443,21807,3,0,36,162,1,0
6183,2400,0,4,3,85,82,85,13,85,4,3,7,7,7,24,7,3386,8745,4,0,62,7,0,0
14379,2083,0,20,19,181,174,182,17,181,21,20,15,15,15,24,15,4876,39339,6,0,145,15,1,0
91,90,0,0,16,75,74,75,6,75,0,20,73,1,74,17,74,90,91,0,0,71,70,1,1
5277,1009,0,28,0,4,4,4,0,4,29,0,123,120,124,16,124,4837,54653,0,0,4,92,0,0
11051,1765,0,27,13,69,68,69,17,69,28,2,34,34,34,6,34,17745,51829,6,0,10,33,0,1
2943,1361,0,3,2,216,210,217,17,217,3,2,38,38,38,14,38,4866,6256,3,0,139,37,1,0
6715,2691,0,28,14,126,121,127,19,126,29,15,41,41,41,8,41,5840,53173,0,0,113,40,1,0
9078,1110,0,25,17,60,59,60,3,60,26,8,207,201,209,1,209,4882,48680,4,0,57,165,1,0
7274,481,0,20,13,216,210,217,6,217,21,13,123,120,124,18,124,4049,38287,6,0,139,92,1,0
16951,200,0,24,12,125,120,126,8,125,25,3,37,37,37,21,37,9410,46431,3,0,112,36,0,1
3124,1499,0,18,6,84,72,84,3,84,19,6,117,115,118,5,118,1526,33986,4,0,79,105,0,0
315,301,0,0,2,94,91,94,14,94,0,0,155,150,157,6,157,304,308,0,1,85,132,0,1
4026,942,0,23,8,241,233,243,7,243,24,18,83,82,84,12,84,7313,43667,2,0,179,79,0,0
4856,1093,0,24,21,18,18,18,18,18,25,22,8,8,8,24,8,3313,46182,3,0,18,8,0,0
12835,1001,0,15,5,45,45,45,8,45,16,4,53,52,53,24,53,12313,28260,1,0,44,52,0,0
11143,942,0,28,9,20,20,20,8,20,29,9,115,113,116,10,116,2632,54602,0,0,20,104,0,0
9771,1866,0,29,21,33,33,33,14,33,30,22,46,46,46,23,46,15903,56369,1,0,10,45,1,0
8720,2125,0,7,22,187,180,188,25,187,7,5,12,12,12,13,12,9103,15016,0,0,56,12,1,0
4464,39,0,25,0,29,29,29,7,29,26,0,40,40,40,17,40,5301,47991,4,0,29,39,0,0
5707,2125,0,24,3,232,11,234,2,234,25,3,40,40,40,18,40,1893,45362,3,0,176,39,0,0
930,844,0,1,0,94,91,94,0,94,1,0,84,83,85,14,85,3303,3920,1,0,85,80,0,0
16247,2425,0,23,2,168,163,169,0,168,24,2,256,248,258,8,258,167,42930,2,0,138,187,1,0
10258,2779,0,9,6,54,7,54,9,54,9,6,134,130,135,6,135,4316,19059,2,0,32,114,1,0
12352,1114,0,13,12,94,91,94,15,94,14,12,116,114,117,1,117,12655,26133,6,0,85,21,0,0
6247,1226,0,25,12,24,24,24,15,24,26,12,180,174,182,8,182,7239,48093,4,0,24,84,0,0
12130,308,0,12,16,116,111,116,26,116,13,17,163,62,165,18,165,8177,25330,5,0,104,137,1,0
16475,1607,0,23,13,99,53,99,25,99,24,13,169,163,171,22,171,16498,43809,2,1,89,142,0,0
16032,225,0,28,8,111,107,111,8,111,29,18,110,108,111,21,111,18063,53827,0,0,100,100,0,0
5212,2254,0,12,11,132,127,133,22,132,13,11,33,33,33,23,33,2258,25318,5,0,118,32,1,0
226,2160,0,17,1,136,131,137,19,136,18,11,139,134,140,18,140,218,32974,3,0,121,119,0,1
11103,1200,0,12,7,20,20,20,21,20,13,7,145,139,146,4,146,4085,24939,5,0,20,123,0,0
4030,921,0,23,4,134,129,135,2,134,24,4,18,18,18,16,18,12272,43963,2,0,119,18,1,1
4307,2733,0,24,8,169,164,170,21,169,25,18,10,10,10,15,10,8874,45741,3,0,139,10,0,0
5833,1857,0,6,6,43,43,43,15,43,6,6,118,116,119,12,119,5907,12087,6,0,42,28,0,0
2644,2573,0,18,12,26,26,26,12,26,19,12,190,184,192,13,192,11565,34487,4,1,26,157,1,0
7858,982,0,9,6,205,199,206,6,206,9,6,152,147,154,6,154,10522,19053,2,0,160,130,1,0
8520,2498,0,28,12,245,237,247,1,247,29,12,232,224,234,11,234,18359,55624,0,1,91,179,0,0
2201,2837,0,14,4,33,33,33,6,33,15,14,229,222,231,15,231,1935,27186,0,0,10,90,1,0
103,102,0,0,5,85,82,85,19,85,0,4,8,8,8,17,8,102,103,0,0,62,8,0,0
12744,364,0,28,22,84,72,84,5,84,29,5,148,143,150,1,150,2478,54270,0,0,79,126,0,0
749,1074,0,3,16,159,154,160,21,159,3,20,142,136,143,8,143,24,24,3,0,78,121,2,1
2130,1153,0,18,13,55,54,55,14,55,19,13,166,160,168,16,168,14764,34829,4,0,36,139,0,0
7439,1452,0,5,17,23,23,23,7,23,5,8,88,87,89,22,89,7706,11592,5,0,23,83,1,0
374,1126,0,16,14,227,221,229,2,229,17,15,124,71,125,19,125,2188,29915,2,0,125,109,1,0
9274,528,0,22,19,197,190,198,2,197,23,20,30,30,30,11,30,7573,41768,1,0,154,29,0,0
11502,988,0,24,16,245,237,247,25,247,25,17,208,202,210,10,210,16553,44085,3,1,91,166,1,0
16964,2966,0,24,5,191,184,192,14,191,25,4,111,109,112,3,112,3233,46501,3,1,95,101,0,0
3680,119,0,26,2,241,233,243,13,243,27,2,10,10,10,23,10,4099,48854,5,0,179,10,0,0
7464,679,0,5,8,52,52,52,22,52,5,18,239,231,241,20,241,7738,11651,5,0,51,157,0,0
5048,2032,0,3,5,33,33,33,13,33,3,4,226,220,228,17,228,5098,6626,3,0,10,176,1,0
7342,1546,0,8,8,128,123,129,4,128,8,18,90,89,91,3,91,2499,17574,1,0,115,85,1,0
111,110,0,0,19,61,60,61,18,61,0,20,84,83,85,10,85,110,112,0,0,58,80,0,0
11768,2229,0,12,12,193,186,194,17,193,13,12,78,77,79,14,79,1874,23976,5,1,150,75,1,0
685,2386,0,5,2,26,26,26,25,26,5,2,82,81,83,23,83,2183,11915,5,0,26,22,0,0
17112,865,0,25,4,118,113,118,20,118,26,4,71,71,72,13,72,5569,48298,4,0,30,68,0,1
9091,781,0,29,16,5,5,5,7,5,30,17,50,50,50,2,50,6555,56664,1,0,5,49,0,0
12957,462,0,14,19,142,137,143,14,142,15,20,84,83,85,5,85,920,28058,0,0,127,80,1,0
864,1490,0,20,9,103,99,103,4,103,21,9,189,183,191,13,191,844,39911,6,0,93,156,1,0
9051,49,0,7,14,171,166,172,16,171,8,5,11,11,11,21,11,7750,15868,0,1,141,11,1,1
5677,441,0,29,6,175,152,176,21,175,30,6,245,237,247,6,247,1574,56441,1,0,115,183,0,0
6816,349,0,12,6,16,16,16,16,16,13,6,190,184,192,2,192,12508,25597,5,0,16,157,1,0
11066,2878,0,10,3,125,120,126,7,125,10,3,15,15,15,23,15,2922,21282,3,0,112,15,0,0
12362,487,0,13,14,69,68,69,9,69,14,15,21,21,21,8,21,2772,26156,6,0,10,21,0,0
1810,1033,0,20,2,218,210,219,19,219,21,2,155,150,157,2,157,1797,37423,6,0,20,132,1,0
7243,3208,0,28,11,149,144,150,4,149,29,11,10,10,10,10,10,1948,55409,0,0,74,10,1,0
2260,778,0,18,13,0,0,0,22,0,19,13,132,128,133,0,133,4214,34103,4,0,0,112,0,0
1689,2082,0,9,3,117,112,117,7,117,9,3,169,163,171,24,171,10926,20181,2,1,105,142,0,0
1638,560,0,17,21,76,75,76,9,76,18,22,23,23,23,20,23,7137,31463,3,0,72,23,0,0
8691,1359,0,9,8,52,52,52,14,52,9,8,17,17,17,8,17,380,20337,2,0,51,17,1,1
5859,2675,0,28,4,38,38,38,5,38,29,14,220,214,222,18,222,8661,53940,0,1,37,66,1,0
2088,2805,0,19,2,168,163,169,8,168,20,2,140,119,141,23,141,14452,35884,5,0,138,64,1,0
17442,2803,0,26,2,5,195,202,6,202,27,2,104,102,105,19,105,13792,49867,5,0,158,96,0,0
6117,2534,0,13,20,151,146,152,1,151,14,21,133,129,134,1,134,10734,26586,6,0,89,113,1,0
8387,1641,0,6,0,168,163,169,18,168,6,0,54,53,54,19,54,8710,14074,6,0,138,53,1,0
1664,152,0,0,0,218,210,219,1,219,0,0,124,71,125,11,125,359,1805,0,0,20,109,1,0
10040,1054,0,29,2,215,209,216,1,216,30,2,240,232,242,23,242,18556,56825,1,0,168,181,0,0
3761,1260,0,26,20,45,45,45,3,45,27,21,84,83,85,11,85,582,50702,5,0,44,80,1,0
12038,2625,0,15,21,166,161,167,1,166,16,22,217,211,219,24,219,13301,28568,1,0,137,162,1,0
15837,1992,0,22,5,15,15,15,21,15,23,4,198,192,200,24,200,686,41193,1,0,15,129,0,0
7444,1960,0,5,6,230,224,232,3,232,5,9,252,244,254,20,254,7714,11604,5,0,175,186,0,1
822,2139,0,13,2,84,72,84,17,84,14,2,167,161,169,19,169,102,26497,6,0,79,140,1,0
9552,416,0,8,16,92,89,92,16,92,8,17,124,71,125,11,125,7364,18485,1,0,84,109,1,0
1142,2590,0,11,19,154,149,155,18,154,11,20,154,149,156,19,156,11849,23267,4,0,131,129,1,0
11068,1389,0,10,16,180,173,181,14,180,10,17,156,151,158,11,158,10714,21287,3,0,144,133,1,0
1021,838,0,0,16,83,81,83,14,83,0,17,134,130,135,17,135,1001,1054,0,0,78,114,1,0
3020,208,0,6,12,175,152,176,7,175,6,12,82,81,83,17,83,8619,13826,6,0,115,22,0,0
13124,1312,0,17,2,100,96,100,14,100,18,2,38,38,38,11,38,24,24,3,0,90,37,2,0
6406,2464,0,18,13,116,111,116,26,116,19,2,99,98,100,9,100,9974,33545,4,1,104,92,0,1
5131,2027,0,3,12,67,66,67,10,67,3,12,197,191,199,14,199,5172,6765,3,0,64,2,0,0
7562,2907,0,28,16,207,201,208,4,208,29,17,169,163,171,15,171,3542,55599,0,0,143,142,1,0
2732,265,0,5,3,19,19,19,21,19,5,3,227,133,229,10,229,7677,11508,5,0,19,123,0,0
14562,509,0,18,20,117,112,117,0,117,19,21,129,125,130,16,130,2376,34073,4,1,105,1,0,0
2094,277,0,24,17,106,102,106,7,106,25,8,224,218,226,23,226,2090,44904,3,0,96,175,1,0
8440,1828,0,25,6,137,132,138,3,137,26,6,239,231,241,17,241,8775,48288,4,1,122,157,1,0
1804,2500,0,20,5,59,58,59,18,59,21,4,180,174,182,19,182,5453,39370,6,1,56,84,0,0
47,47,0,0,2,44,44,44,9,44,0,2,42,42,42,20,42,47,47,0,0,43,41,0,0
7922,562,0,6,4,6,6,6,22,6,6,14,96,95,97,18,97,8576,13698,6,0,6,89,1,0
5627,1867,0,27,0,218,210,219,25,219,28,0,128,124,129,6,129,7436,52057,6,0,20,110,0,0
2901,1595,0,1,3,74,73,74,15,74,1,17,188,182,190,4,190,2898,3362,1,1,70,155,0,1
12782,888,0,29,7,212,206,213,21,213,30,7,158,153,160,6,160,11628,57249,1,0,165,134,1,0
3635,1885,0,6,12,175,152,176,17,175,6,12,73,1,74,9,74,3504,12610,6,0,115,70,1,0
366,2133,0,12,8,5,5,5,15,5,13,18,33,33,33,16,33,351,24941,5,0,5,32,0,0
2969,1247,0,6,18,191,184,192,13,191,6,19,122,31,123,23,123,1878,14612,6,1,95,108,1,0
612,487,0,11,12,146,141,147,14,146,11,12,28,28,28,2,28,7873,22529,4,0,129,27,0,0
2324,743,0,24,8,173,168,174,14,173,25,18,53,52,53,9,53,9275,44780,3,0,95,52,0,0
10635,2882,0,27,12,145,140,146,14,145,28,12,56,55,56,13,56,8879,51138,6,0,97,55,0,0
8552,2369,0,20,11,66,65,66,13,66,21,11,166,160,168,14,168,8912,38796,6,0,63,139,0,0
395,365,0,0,0,52,52,52,22,52,0,0,17,17,17,5,17,380,386,0,0,51,17,1,0
873,406,0,2,4,245,237,247,8,247,2,4,180,174,182,23,182,4043,5003,2,0,91,84,0,1
8043,1172,0,28,6,228,222,230,20,230,29,6,250,242,252,1,252,2270,54084,0,0,170,116,1,0
2900,778,0,1,9,3,3,3,2,3,1,9,144,138,145,16,145,1928,3361,1,0,3,77,1,0
15,15,0,0,12,15,15,15,12,15,0,12,15,15,15,8,15,15,15,0,0,15,15,1,0
96,95,0,0,9,79,78,79,5,79,0,9,48,48,48,20,48,95,96,0,1,75,47,0,0
15742,855,0,21,6,127,122,128,11,127,22,6,208,202,210,10,210,3707,40645,0,0,114,166,0,0
590,528,0,0,8,103,99,103,2,103,0,18,112,110,113,18,113,570,589,0,0,93,102,1,0
5409,613,0,4,0,7,7,7,22,7,4,0,77,76,78,13,78,5460,8541,4,1,7,74,1,0
4418,2141,0,3,9,137,132,138,14,137,3,9,153,148,155,22,155,1447,5588,3,0,122,131,0,0
2281,1240,0,24,1,129,124,130,14,129,25,11,58,57,58,19,58,740,44424,3,0,13,57,1,1
4498,1816,0,4,5,76,75,76,7,76,4,4,5,5,5,17,5,5511,8551,4,0,72,5,1,0
11352,919,0,24,17,21,21,21,23,21,25,8,199,193,201,9,201,11590,45202,3,0,21,116,0,0
2335,2849,0,7,16,164,159,165,23,164,7,17,172,166,174,3,174,2166,15148,0,0,135,145,0,0
772,270,0,24,17,106,102,106,9,106,25,8,38,38,38,11,38,1563,45212,3,0,96,37,1,0
14307,2096,0,17,6,153,148,154,23,153,18,6,254,246,256,6,256,12802,32874,3,0,97,152,0,0
5587,3203,0,29,13,40,40,40,1,40,30,13,137,132,138,12,138,5649,57375,1,0,39,117,0,0
8541,2843,0,20,7,209,203,210,17,210,21,14,88,141,148,19,148,14255,38926,6,1,75,101,1,1
3652,932,0,16,0,112,82,112,25,112,17,0,100,78,101,2,101,1074,29964,2,0,101,93,0,0
3157,1103,0,11,11,233,226,235,22,235,11,18,160,155,162,24,162,8159,22655,4,0,137,135,0,1
1677,1425,0,3,2,56,55,125,23,56,3,2,56,55,56,9,56,66,6608,3,0,53,55,0,0
6058,1696,0,20,9,137,132,138,16,137,21,9,244,236,246,12,246,6153,37770,6,0,122,115,1,0
347,1675,0,27,5,181,174,182,16,181,28,12,116,114,117,13,117,12748,52757,6,0,145,21,0,1
4489,442,0,3,5,152,147,153,13,152,3,4,134,130,135,2,135,807,5708,3,0,127,114,1,0
2832,1169,0,1,3,104,100,104,6,104,1,3,57,56,57,12,57,2824,3268,1,0,94,56,0,0
10040,2871,0,24,21,5,5,5,2,5,25,22,160,155,162,2,162,3973,45414,3,0,5,135,0,0
10258,370,0,20,3,75,74,75,13,75,21,3,192,186,194,4,194,10755,37536,6,0,71,110,0,0
4685,2507,0,18,15,227,221,229,0,229,19,16,0,59,60,11,60,4716,35350,4,0,125,58,1,0
11301,2506,0,10,2,202,196,203,22,203,10,2,204,198,206,16,206,5237,22112,3,0,107,87,0,0
2752,833,0,24,17,123,118,123,23,123,25,17,250,242,252,26,252,7164,44199,3,0,110,116,0,17
619,1626,0,4,8,29,29,29,2,29,4,18,61,61,62,23,62,6412,8989,4,0,29,60,1,0
8261,254,0,6,2,183,176,184,4,183,6,2,80,79,81,18,81,6812,13715,6,0,147,77,1,0
10893,2691,0,26,4,67,66,67,8,67,27,14,29,29,29,19,29,5504,50261,5,1,64,28,1,0
1221,222,0,0,4,175,152,176,14,175,0,14,86,85,87,20,87,1207,1282,0,0,115,81,0,0
66,66,1,0,3,56,55,56,1,56,0,3,56,55,56,19,56,66,66,0,0,53,55,0,0
9170,1063,0,12,5,116,111,116,21,116,13,4,49,49,49,10,49,1134,25589,5,1,104,48,0,0
5386,2413,0,4,16,183,176,184,11,183,4,17,178,172,180,20,180,2230,7943,4,0,147,2,0,0
16647,127,0,26,21,43,43,43,19,43,27,22,68,68,69,3,69,140,50546,5,0,42,66,1,0
18641,1861,0,29,18,153,148,154,12,153,30,19,68,68,69,19,69,17751,57463,1,0,97,66,1,0
419,346,0,25,0,151,146,152,22,151,26,0,5,5,5,23,5,685,48048,4,0,89,5,1,0
11957,2268,0,12,16,181,174,182,6,181,13,17,179,173,181,1,181,832,24646,5,0,145,148,1,0
7284,2131,0,5,19,211,205,212,14,212,5,15,76,75,77,5,77,523,11438,5,0,164,73,1,1
5413,1448,0,7,2,41,41,41,18,41,7,2,46,46,46,10,46,2535,15780,0,0,40,45,0,0
14318,2661,0,17,17,118,113,118,23,118,18,8,34,34,34,4,34,13806,32923,3,1,30,33,1,0
6235,793,0,5,8,75,74,75,1,75,5,18,105,103,106,8,106,795,10958,5,0,71,97,0,0
3429,995,0,3,12,113,108,113,8,113,3,12,157,152,159,23,159,562,6385,3,0,91,100,1,0
4568,2235,0,3,2,8,8,8,23,8,3,2,124,71,125,6,125,4586,6106,3,0,8,109,1,0
5600,527,0,23,2,40,40,40,6,40,24,2,167,161,169,16,169,12722,44003,2,0,39,140,1,0
18027,147,0,28,0,173,168,174,13,173,29,7,194,188,196,16,196,18120,54150,0,0,95,160,0,1
4103,2440,0,11,4,38,38,38,7,38,11,14,69,69,70,24,70,7052,23429,4,0,37,64,0,0
1468,673,0,0,8,24,24,24,7,24,0,18,61,61,62,23,62,1456,1570,0,0,24,60,0,0
5745,252,0,25,8,200,193,200,11,200,26,18,19,19,19,24,19,16817,48717,4,0,156,19,1,0
7871,3233,0,28,0,150,145,151,9,150,29,0,86,85,87,6,87,3441,55073,0,0,73,81,0,0
18152,3020,0,28,5,216,210,217,11,217,29,4,123,120,124,9,124,4049,54880,0,0,139,92,1,0
2370,1850,0,29,2,185,178,186,9,185,30,2,36,36,36,10,36,2364,55899,1,0,148,35,0,0
10821,1203,0,10,19,171,166,172,23,171,10,20,208,202,210,24,210,9116,20873,3,0,141,166,1,0
8779,132,0,22,20,67,66,67,16,67,23,21,102,100,103,21,103,16048,41832,1,0,64,95,1,0
6993,428,0,5,13,160,155,161,12,160,5,13,140,119,141,4,141,2644,10525,5,0,133,64,0,0
2070,1876,0,2,5,171,166,172,8,171,2,4,191,185,193,14,193,3871,4745,2,0,141,158,1,0
11864,444,0,12,0,197,190,198,14,197,13,0,66,66,67,11,67,2627,24323,5,1,154,65,1,0
4466,975,0,7,17,37,37,37,4,37,7,8,240,232,242,15,242,4482,14843,0,0,36,181,0,0
3355,245,0,6,7,184,177,185,8,184,6,7,84,83,85,20,85,3955,14594,6,0,46,80,1,0
9166,1019,0,7,14,204,198,205,16,205,7,15,237,229,239,20,239,9528,16206,0,0,17,131,0,0
5868,1906,0,28,3,236,229,238,25,238,29,17,228,221,230,3,230,18157,54381,0,0,177,177,0,1
1919,959,0,4,12,249,241,251,7,251,4,3,179,173,181,13,181,1908,7484,4,0,183,148,0,1
9365,1507,0,7,4,151,146,152,16,151,7,4,75,74,76,15,76,7601,16778,0,0,89,72,0,1
13332,1019,0,28,3,69,68,69,6,69,29,3,138,133,139,10,139,3337,54592,0,0,10,118,0,0
8410,1332,0,10,5,115,110,115,13,115,10,4,165,159,167,10,167,11286,21303,3,1,103,82,1,0
9110,663,0,7,7,168,163,169,6,168,7,14,216,210,218,6,218,6533,16057,0,0,138,26,1,1
8430,464,0,26,4,145,140,146,24,145,27,14,51,51,51,8,51,10396,49503,5,1,97,50,1,0
5430,2607,0,27,7,85,82,85,4,85,28,7,138,133,139,23,139,14302,51729,6,1,62,118,0,0
17815,2703,0,27,13,201,194,201,5,201,28,13,48,48,48,8,48,3938,52846,6,0,157,47,0,0
3995,1182,0,9,20,254,246,256,25,256,9,21,39,39,39,6,39,3716,19051,2,0,163,38,1,0
6213,340,0,27,12,29,29,29,13,29,28,3,215,209,217,8,217,17650,51095,6,0,29,170,1,1
586,2675,0,13,8,163,158,164,23,163,14,18,105,103,106,23,106,566,26881,6,0,12,97,0,0
5681,1507,0,18,17,20,20,20,22,20,19,8,128,124,129,22,129,14459,33401,4,0,20,110,1,0
502,2971,0,23,0,201,194,201,7,201,24,0,121,119,122,19,122,3181,43431,2,0,157,63,0,0
7006,2630,0,5,16,247,239,249,7,249,5,17,54,53,54,8,54,1178,10561,5,0,92,53,1,0
2269,3163,0,20,0,20,20,20,4,20,21,7,90,89,91,20,91,7218,38481,6,0,20,85,1,1
6268,2832,0,6,12,152,147,153,5,152,7,0,140,119,141,22,141,6386,14733,6,1,127,64,0,23
14869,14,0,19,12,46,46,46,1,46,20,12,8,8,8,13,8,1846,35718,5,0,45,8,1,0
9201,2847,0,11,7,29,29,29,25,29,11,7,218,212,220,10,220,1836,22501,4,0,29,132,1,0
4424,1676,0,23,19,188,181,189,15,188,24,20,144,138,145,11,145,4436,42078,2,0,13,77,1,0
6995,2400,0,28,9,140,135,141,22,140,29,9,77,76,78,8,78,2405,54494,0,0,125,74,1,0
2668,1815,0,15,21,232,11,234,10,234,16,22,232,224,234,21,234,1478,29019,1,0,176,179,0,0
7529,2922,0,8,9,93,90,93,19,93,8,9,102,100,103,16,103,1773,17421,1,0,46,95,0,0
6587,1879,0,20,7,143,138,144,23,143,21,14,34,34,34,4,34,24,24,6,1,116,33,2,1
8703,2160,0,25,21,241,233,243,17,243,26,22,107,105,108,5,108,4198,48439,4,0,179,98,0,0
2894,732,0,22,16,58,57,58,25,58,23,17,50,50,50,5,50,673,40901,1,0,55,49,0,0
2110,147,0,13,1,144,139,145,21,144,14,1,87,86,88,19,88,3099,26194,6,0,128,82,1,0
15770,3134,0,22,14,227,221,229,17,229,24,5,151,146,153,1,153,15910,40828,1,1,125,129,0,1
984,2509,0,16,7,187,180,188,6,187,17,7,162,157,164,6,164,11445,29958,2,0,56,22,0,0
6955,2621,0,5,5,214,208,215,7,215,5,4,201,195,203,10,203,6309,10446,5,1,167,162,1,0
9301,1856,0,7,5,94,91,94,15,94,7,4,88,141,148,4,148,8613,16596,0,0,85,101,1,0
10603,47,0,10,0,76,75,76,21,76,10,0,156,151,158,7,158,11466,21873,3,0,72,133,1,0
808,293,0,11,7,132,127,133,1,132,11,7,160,155,162,15,162,7414,22538,4,0,118,135,1,0
8543,60,0,17,18,183,176,184,1,183,18,19,208,202,210,17,210,14300,32720,3,0,147,166,1,0
11537,1207,0,23,10,100,96,100,17,100,24,10,54,53,54,6,54,4191,44014,2,1,90,53,0,0
6310,2811,0,28,6,198,191,199,4,198,29,6,98,97,99,9,99,15075,53391,0,1,155,91,0,0
2708,657,0,1,9,147,142,148,4,147,1,9,77,76,78,18,78,485,3101,1,0,130,74,1,0
10818,1457,0,23,2,134,129,135,4,134,24,2,100,78,101,2,101,3148,42848,2,0,119,93,1,0
9695,1273,0,8,0,36,36,36,15,36,8,0,179,173,181,10,181,5708,17691,1,0,35,148,1,0
10473,1464,0,9,19,130,125,131,17,130,9,20,179,173,181,23,181,10180,19575,2,0,116,148,1,0
4434,2367,0,12,12,36,36,36,4,36,13,12,157,152,159,6,159,2382,25478,5,0,35,100,1,0
15020,1372,0,19,13,108,104,108,27,108,20,13,154,149,156,14,156,15102,36474,5,1,98,129,1,0
449,772,0,6,8,157,152,158,2,157,6,18,159,154,161,18,161,432,12728,6,0,53,21,0,0
7392,869,0,8,7,247,239,249,6,249,8,7,232,224,234,16,234,10131,17937,1,0,92,179,1,0
6078,106,0,4,6,60,59,60,14,60,4,6,192,186,194,23,194,6176,8524,4,0,57,110,0,0
10565,96,0,9,22,248,240,250,1,250,9,5,70,70,71,2,71,10790,19795,2,0,28,67,0,0
16861,1899,0,24,13,9,9,9,13,9,25,13,131,127,132,2,132,1409,45805,3,0,9,111,1,0
4141,354,0,18,17,104,100,104,13,104,19,8,42,42,42,23,42,5943,34862,4,0,94,41,0,0
1140,699,0,0,16,106,102,106,11,106,0,20,126,122,127,2,127,1112,1190,0,0,96,70,1,1
8953,1684,0,14,3,5,5,5,5,5,15,3,129,125,130,7,130,2940,27686,0,0,5,1,1,0
4490,1636,0,3,21,96,93,96,7,96,3,22,127,123,128,11,128,2422,5709,3,0,87,70,0,0
2072,690,0,0,7,239,231,241,23,241,0,7,83,82,84,16,84,2066,2296,0,0,178,79,1,0
12373,1390,0,29,13,46,46,46,22,46,30,13,148,143,150,9,150,18560,56859,1,0,45,126,0,0
8260,478,0,26,16,24,24,24,13,24,27,17,11,11,11,6,11,2699,50550,5,1,24,11,1,0
1499,1435,0,11,8,99,53,99,23,99,11,8,154,149,156,19,156,11799,23075,4,1,89,129,0,1
3027,544,0,1,16,116,111,116,20,116,1,17,76,75,77,23,77,2334,3544,1,0,104,73,0,0
12878,2915,0,14,12,220,213,221,4,221,15,12,7,7,7,16,7,9607,27787,0,1,116,7,1,0
1163,1937,0,4,9,66,65,66,15,66,4,9,138,133,139,10,139,6120,8436,4,0,63,118,1,0
93,92,0,0,16,77,76,77,2,77,0,17,15,15,15,3,15,92,93,0,0,73,15,1,0
374,354,0,3,11,44,44,44,14,44,3,11,136,99,137,1,137,359,7259,3,0,43,116,0,0
7618,981,0,5,3,80,79,80,12,80,5,3,38,38,38,12,38,1413,12053,5,0,76,37,1,0
15014,586,0,19,7,44,44,44,16,44,20,7,29,29,29,10,29,3713,36454,5,1,43,28,0,0
15,1036,0,20,5,165,160,166,23,165,21,12,15,15,15,10,15,198,26811,6,0,136,15,1,1
29,29,0,0,6,28,28,28,4,28,0,6,21,21,21,19,21,29,29,0,0,28,21,1,0
4560,970,0,7,6,91,88,91,19,91,7,9,230,223,232,23,232,4579,16722,0,0,83,87,1,1
365,1682,0,2,15,124,119,124,23,124,2,16,138,133,139,10,139,350,4613,2,0,111,118,0,0
495,2054,0,17,19,1,1,1,19,1,18,20,40,40,40,8,40,14264,32548,3,0,1,39,0,0
580,520,0,0,13,164,159,165,4,164,0,2,144,138,145,22,145,558,576,0,0,135,77,1,1
4606,987,0,5,3,51,51,51,2,51,5,3,123,120,124,14,124,4630,11988,5,0,50,92,0,0
64,29,0,0,6,131,126,132,25,131,0,6,115,113,116,10,116,64,1307,0,0,117,104,1,0
11888,108,0,29,4,116,111,116,12,116,30,4,51,51,51,14,51,8978,57339,1,0,104,50,0,1
784,2327,0,6,16,25,25,25,1,25,6,17,175,169,177,4,177,8311,13011,6,1,25,145,0,0
11448,342,0,11,13,165,160,166,6,165,11,2,23,23,23,24,23,1829,22606,4,0,136,23,1,1
4285,3155,0,28,3,0,0,0,4,0,29,3,206,200,208,2,208,7823,55501,0,0,0,86,0,0
4735,85,0,5,13,247,239,249,6,249,5,13,39,39,39,6,39,7622,11402,5,1,92,38,1,0
375,1616,0,6,13,7,7,7,3,7,6,13,193,187,195,24,195,8994,14743,6,1,7,159,1,0
1406,1807,0,17,8,26,26,26,22,26,18,8,116,114,117,16,117,8354,32100,3,0,26,21,1,1
6349,1794,0,18,12,145,140,146,29,145,19,12,146,140,147,5,147,6483,34044,4,0,97,124,0,0
11646,869,0,27,4,203,197,204,18,204,28,14,7,7,7,14,7,6146,52216,6,0,159,7,0,0
4776,23,0,17,0,133,128,134,8,133,18,0,72,72,73,7,73,14039,31610,3,1,66,69,1,0
6245,1309,0,29,18,84,72,84,14,84,30,19,22,22,22,3,22,569,56025,1,0,79,22,1,0
4816,1225,0,25,12,221,214,222,16,222,26,12,175,169,177,16,177,12305,47028,4,0,167,145,0,0
271,533,0,13,20,90,87,90,19,90,14,21,84,83,85,11,85,7215,26604,6,0,82,80,1,0
6634,31,0,19,14,106,102,106,14,106,20,15,148,143,150,12,150,14370,35815,5,0,96,126,1,0
5986,3139,0,20,17,175,152,176,0,175,21,8,119,117,120,23,120,6063,37486,6,0,115,106,0,0
14091,2337,0,28,12,18,18,18,3,18,29,12,108,106,109,14,109,8426,53541,0,0,18,30,0,0
8468,85,0,25,17,143,138,144,16,143,26,8,146,140,147,9,147,17102,47265,4,1,116,124,0,0
5877,1572,0,16,12,221,214,222,15,222,17,12,238,230,240,16,240,13827,30680,2,0,167,158,0,0
14113,2663,0,27,0,3,3,3,18,3,28,0,227,133,229,7,229,2408,51209,6,1,3,123,1,0
154,3125,0,28,12,104,100,104,17,104,29,3,77,76,78,13,78,2103,55791,0,1,94,74,1,1
10021,1250,0,8,22,179,12,180,13,179,8,5,219,213,221,19,221,764,18473,1,0,74,171,1,0
16231,593,0,23,5,56,55,125,10,56,24,12,162,157,164,16,164,9204,43438,2,1,53,22,0,1
72,72,0,0,1,61,60,61,21,61,0,11,47,47,47,24,47,72,72,0,1,58,46,1,1
6762,2593,0,5,2,43,43,43,2,43,5,2,76,75,77,15,77,6940,10013,5,0,42,73,0,0
7198,1048,0,13,4,36,36,36,21,36,14,14,125,121,126,4,126,2446,26503,6,0,35,91,0,0
4497,2201,0,3,13,231,225,233,8,233,3,2,131,127,132,2,132,4659,5935,3,0,28,111,1,1
5230,673,0,24,11,243,235,245,2,245,25,11,205,199,207,8,207,5283,46451,3,1,181,164,0,0
1764,2780,0,29,14,66,65,66,13,66,31,5,231,161,233,3,233,1753,56680,1,0,63,178,1,1
17307,1791,0,26,17,128,123,129,8,128,27,8,130,126,131,14,131,699,48894,5,0,115,50,0,0
6912,1651,0,28,2,16,16,16,15,16,29,0,155,150,157,4,157,468,53451,0,0,16,132,1,1
767,390,0,0,16,44,44,44,22,44,0,17,52,8,52,4,52,744,773,0,0,43,51,0,0
2437,1939,0,26,16,52,52,52,8,52,27,17,193,187,195,13,195,2950,49609,5,0,51,159,1,0
3000,1625,0,25,8,190,183,191,16,190,26,18,136,99,137,20,137,15454,48486,4,1,37,116,0,0
1925,207,0,0,2,230,224,232,7,232,0,2,38,38,38,3,38,1914,2115,0,0,175,37,1,0
7970,2369,0,21,3,189,182,190,4,189,22,3,232,224,234,16,234,5870,40113,0,0,14,179,0,0
9200,2201,0,21,20,50,50,50,13,50,22,21,217,211,219,21,219,5719,40577,0,0,49,162,0,0
4822,271,0,20,16,125,120,126,22,125,21,17,12,12,12,20,12,1415,38537,6,0,112,12,0,0
10881,1154,0,13,3,141,136,142,14,141,14,3,193,187,195,16,195,24,24,6,0,126,159,2,0
2425,1520,0,1,5,62,215,223,11,223,1,12,8,8,8,24,8,1209,2737,1,0,113,8,0,1
6215,1639,0,4,14,84,72,84,12,84,4,15,102,100,103,23,103,1747,8822,4,0,79,95,1,0
11020,294,0,10,8,137,132,138,10,137,10,18,90,89,91,10,91,7516,21122,3,0,122,85,1,0
4492,2034,0,6,9,96,93,96,15,96,6,9,13,13,13,22,13,6814,13199,6,0,87,13,0,0
237,1207,0,18,1,125,120,126,7,125,19,11,130,126,131,1,131,230,35596,4,1,112,50,0,1
2606,215,0,10,5,164,159,165,16,164,10,12,164,158,166,19,166,1164,21674,3,0,135,138,1,1
14862,1201,0,19,0,16,16,16,21,16,20,0,47,47,47,3,47,4584,35676,5,0,16,46,1,0
181,1084,0,17,11,111,107,111,1,111,18,18,119,117,120,16,120,176,31150,3,1,100,106,0,1
8127,1144,0,6,11,126,121,127,8,126,6,18,123,120,124,1,124,7744,13358,6,0,113,92,0,1
1500,907,0,17,16,180,173,181,25,180,18,17,0,0,0,25,0,14251,32458,3,0,144,0,1,0
14968,2547,0,19,0,114,109,114,4,114,20,0,244,236,246,22,246,15077,36350,5,0,102,115,1,0
5536,669,0,25,7,138,133,139,6,138,26,7,225,219,227,15,227,16593,47674,4,0,123,4,1,0
17056,1095,0,25,21,129,124,130,19,129,26,22,54,53,54,4,54,10768,47053,4,1,13,53,1,0
828,1878,0,15,4,55,54,55,2,55,16,4,128,124,129,14,129,13522,29465,1,0,36,110,0,1
907,754,0,0,4,121,116,121,21,121,0,14,71,71,72,3,72,882,925,0,0,108,68,0,0
4642,1980,0,3,16,0,0,0,7,0,3,17,88,87,89,2,89,4673,5952,3,0,0,83,1,0
2002,1416,0,25,17,127,122,128,13,127,26,8,117,115,118,16,118,174,33314,4,0,114,105,0,0
11879,527,0,12,6,176,170,177,6,176,13,6,117,115,118,16,118,6630,24369,5,0,142,105,1,0
593,896,0,19,19,100,96,100,18,100,20,20,71,71,72,18,72,572,36321,5,0,90,68,0,0
5464,1764,0,4,4,16,16,16,6,16,4,14,136,99,137,8,137,5519,7368,4,0,16,116,1,0
2320,3124,0,24,16,201,194,201,14,201,25,17,188,182,190,24,190,485,46144,3,0,157,155,0,0
6775,2497,0,5,15,121,116,121,19,121,5,16,6,6,6,7,6,6951,10042,5,0,108,6,1,0
551,482,0,6,0,159,154,160,18,159,6,0,77,76,78,18,78,7946,12151,6,0,78,74,1,0
9536,1525,0,24,3,6,6,6,7,6,25,3,34,34,34,6,34,2421,46133,3,0,6,33,1,0
1904,1227,0,12,21,12,12,12,13,12,13,13,51,51,51,9,51,12044,23980,5,0,12,50,1,1
2492,2019,0,9,7,123,118,123,25,123,9,7,162,157,164,18,164,10770,19732,2,1,110,22,0,0
11690,2342,0,11,8,4,4,4,15,4,11,8,227,133,229,19,229,11938,23549,4,0,4,123,1,1
4755,2728,0,8,10,195,188,196,3,195,8,12,130,126,131,2,131,3574,17258,1,0,152,50,0,22
1559,2352,0,25,21,220,213,221,7,221,26,22,166,160,168,9,168,14639,47258,4,1,116,139,0,0
3963,469,0,27,0,15,15,15,11,15,28,0,174,168,176,1,176,851,52189,6,0,15,137,0,0
573,511,0,0,16,215,209,216,15,216,0,17,166,160,168,16,168,550,567,0,0,168,139,0,0
6387,2662,0,24,21,5,5,5,3,5,25,13,8,8,8,16,8,4748,46079,3,0,5,8,0,1
4537,213,0,12,4,203,197,204,1,204,13,14,185,179,187,20,187,8570,24316,5,0,159,147,1,0
1020,688,0,7,16,37,37,37,6,37,7,17,50,50,50,9,50,1000,16873,0,0,36,49,0,0
15673,297,0,27,12,5,5,5,7,5,28,12,190,184,192,17,192,2565,52756,6,0,5,157,1,0
177,2442,0,29,20,0,0,0,19,0,30,21,11,11,11,22,11,926,56451,1,0,0,11,1,0
14060,53,0,22,4,224,218,226,22,226,23,14,56,55,56,3,56,7912,41289,1,0,172,55,0,0
3435,836,0,10,0,9,9,9,12,9,10,7,36,36,36,4,36,3458,22323,3,0,9,35,1,1
5542,729,0,24,5,179,12,180,8,179,25,4,164,158,166,4,166,3326,46478,3,0,74,138,1,0
1377,2055,0,5,3,97,94,97,0,97,5,3,237,229,239,23,239,6924,9980,5,0,65,131,1,0
1004,777,0,3,16,65,64,65,27,65,3,17,86,85,87,9,87,5025,6502,3,0,62,81,0,0
1448,896,0,2,21,175,152,176,6,175,2,22,100,78,101,4,101,1435,5167,2,0,115,93,0,0
5645,2293,0,17,11,67,66,67,23,67,18,11,147,142,149,23,149,5714,32709,3,0,64,125,1,0
5273,2998,0,18,11,184,177,185,4,184,19,11,215,209,217,10,217,5323,34162,4,0,46,170,0,0
4783,1092,0,5,8,28,28,28,9,28,5,18,120,118,121,5,121,2393,9838,5,0,28,107,1,0
6725,1745,0,5,0,11,11,11,19,11,5,7,104,102,105,18,105,6902,9933,5,0,11,96,0,1
131,1056,0,9,21,93,90,93,6,93,9,22,77,76,78,2,78,10975,20314,2,1,46,74,0,0
6949,1924,0,19,12,92,89,92,8,92,20,12,51,51,51,5,51,7150,35686,5,0,84,50,0,0
15891,1027,0,22,21,59,58,59,2,59,23,22,170,164,172,2,172,1876,41434,1,0,56,143,0,0
2375,1431,0,2,12,123,118,123,21,123,2,12,45,45,45,5,45,2371,4374,2,0,110,44,0,0
7848,1240,0,21,1,75,74,75,23,75,22,1,0,59,60,20,60,805,40144,0,0,71,58,1,0
15688,556,0,21,18,191,184,192,4,191,22,19,160,155,162,16,162,15818,40304,0,0,95,135,0,0
5673,565,0,13,0,191,184,192,6,191,14,0,179,173,181,15,181,2814,26449,6,0,95,148,1,0
7452,165,0,5,12,94,91,94,23,94,5,12,94,93,95,9,95,7725,11624,5,0,85,88,0,0
4660,2214,0,3,8,247,239,249,23,249,3,18,172,166,174,19,174,4542,5979,3,0,92,145,0,0
16944,313,0,28,9,22,22,22,8,22,29,9,21,21,21,7,21,22,54699,0,0,22,21,1,0
4839,1369,0,5,8,43,43,43,10,43,5,18,19,19,19,8,19,7288,10725,5,1,42,19,0,0
6666,111,0,5,13,55,54,55,9,55,5,13,163,62,165,23,165,6839,9814,5,0,36,137,1,0
3318,9,0,24,0,131,126,132,1,131,25,0,36,36,36,8,36,4803,44217,3,1,117,35,1,0
15756,730,0,21,8,62,215,223,1,223,22,18,207,201,209,20,209,15889,40740,0,0,113,165,0,0
9153,2306,0,17,16,101,97,101,0,101,18,17,220,214,222,10,222,9513,31471,3,0,91,66,1,0
15193,71,0,23,6,169,164,170,1,169,24,6,180,174,182,17,182,8771,43577,2,0,139,84,0,0
3251,280,0,4,2,122,117,122,3,122,4,2,196,190,198,1,198,5515,7360,4,0,109,97,1,0
4662,169,0,21,3,116,111,116,8,116,22,3,121,119,122,2,122,6514,40535,0,0,104,63,0,0
11873,1225,0,12,2,198,191,199,21,198,13,2,57,56,57,13,57,2849,24347,5,0,155,56,1,0
10621,2485,0,29,18,73,72,73,4,73,30,19,12,12,12,10,12,6677,57663,1,0,69,12,1,0
4505,1876,0,7,22,21,21,21,4,21,7,5,211,205,213,12,213,7977,15201,0,0,21,162,0,0
11721,432,0,11,5,177,171,178,2,177,11,12,15,15,15,24,15,11985,23729,4,0,143,15,1,1
9711,47,0,28,2,136,131,137,21,136,29,2,119,117,120,22,120,3157,55133,0,0,121,106,0,0
5269,2168,0,25,7,171,166,172,13,171,26,7,93,92,94,1,94,11562,48558,4,0,141,2,1,0
4637,1739,0,20,11,249,241,251,12,251,21,11,78,77,79,3,79,2750,38202,6,1,183,75,0,0
15862,1953,0,22,23,77,76,77,17,77,23,16,114,112,115,11,115,15992,41288,1,1,73,17,0,1
18153,1548,0,28,14,134,129,135,12,134,29,15,215,209,217,24,217,16512,54902,0,1,119,170,1,0
896,354,0,0,12,215,209,216,23,216,0,12,34,34,34,21,34,871,913,0,0,168,33,1,0
13233,1530,0,16,20,42,42,42,9,42,17,21,57,56,57,3,57,13502,30131,2,0,41,56,1,0
8872,2990,0,26,9,49,49,49,7,49,27,9,149,144,151,4,151,2202,50630,5,0,48,127,0,0
5175,212,0,20,13,164,159,165,6,164,21,13,11,11,11,3,11,9153,37685,6,1,135,11,1,0
4030,1942,0,2,5,106,102,106,15,106,2,4,18,18,18,23,18,4013,4958,2,0,96,18,0,0
1395,1499,0,29,3,242,234,244,23,244,30,3,76,75,77,9,77,8091,56509,1,0,180,73,0,0
3834,2603,0,5,11,241,233,243,4,243,5,11,52,8,52,12,52,5524,10325,5,0,179,51,1,0
46,46,0,0,3,43,43,43,10,43,0,3,41,41,41,7,41,46,46,0,1,42,40,0,0
8934,1068,0,29,17,163,158,164,8,163,30,8,77,76,78,7,78,18403,55931,1,1,12,74,1,0
818,696,0,0,4,234,227,236,2,236,0,14,134,130,135,4,135,795,831,0,0,161,114,1,0
6177,854,0,19,4,60,59,60,19,60,20,14,39,39,39,6,39,7272,37274,5,0,57,38,1,0
2117,972,0,0,2,9,9,9,21,9,0,2,146,140,147,5,147,2111,2352,0,0,9,124,0,0
5919,584,0,6,13,26,26,26,8,26,6,13,82,81,83,9,83,2183,14624,6,0,26,22,0,0
8888,1392,0,12,3,147,142,148,13,147,13,3,15,15,15,16,15,9693,25255,5,0,130,15,1,0
13950,1476,0,17,6,67,66,67,13,67,18,6,198,192,200,11,200,6987,31446,3,0,64,129,1,0
2220,1241,0,1,2,147,142,148,17,147,1,2,240,232,242,22,242,3255,3856,1,0,130,181,0,0
4178,1933,0,27,17,74,73,74,3,74,28,8,220,214,222,9,222,4441,51170,6,1,70,66,0,0
5627,1498,0,4,2,218,210,219,6,219,4,2,131,127,132,13,132,5694,7668,4,0,20,111,0,0
5993,2401,0,5,2,253,245,255,14,255,5,2,84,83,85,9,85,7017,10171,5,0,187,80,1,0
2244,904,0,1,19,34,34,34,8,34,2,13,172,166,174,6,174,24,24,1,0,33,145,2,11
2585,260,0,28,12,124,119,124,14,124,29,12,190,184,192,14,192,17084,54817,0,1,111,157,1,0
6651,1163,0,5,21,91,88,91,20,91,5,22,25,25,25,10,25,7533,11207,5,1,83,25,1,0
4381,1020,0,26,7,185,178,186,8,185,27,7,0,59,60,19,60,4392,50339,5,0,148,58,1,0
11087,845,0,10,9,97,94,97,19,97,10,22,123,120,124,8,124,5088,21372,3,0,65,92,1,1
214,209,0,0,16,48,48,48,12,48,0,17,130,126,131,22,131,206,209,0,1,47,50,0,0
5737,535,0,5,7,228,222,230,23,230,5,7,113,111,114,23,114,7264,10683,5,0,170,103,0,0
9531,427,0,9,3,9,9,9,10,9,9,17,202,196,204,16,204,9891,20343,2,1,9,26,1,1
50,50,0,0,0,47,47,47,0,47,0,0,45,45,45,21,45,50,50,0,0,46,44,1,0
1310,364,0,3,2,104,100,104,10,104,3,2,55,54,55,20,55,4906,6314,3,1,94,54,0,0
581,2604,0,11,9,177,171,178,17,177,11,22,36,36,36,24,36,560,22747,4,0,143,35,1,1
15718,463,0,21,22,52,52,52,11,52,22,5,158,153,160,14,160,5981,40515,0,0,51,134,0,0
5918,298,0,12,6,92,89,92,13,92,13,6,160,155,162,23,162,9056,24678,5,0,84,135,0,0
6377,1464,0,23,7,236,229,238,13,238,24,7,206,200,208,20,208,3860,43883,2,0,177,86,1,0
4581,1376,0,3,22,14,14,14,11,14,3,5,100,78,101,14,101,4601,5850,3,0,14,93,1,0
5742,2071,0,18,8,25,25,25,17,25,19,18,18,18,18,21,18,9598,34530,4,0,25,18,0,0
12442,869,0,13,13,128,123,129,14,128,14,13,239,231,241,17,241,4810,26819,6,0,115,157,1,0
6759,710,0,6,9,11,11,11,14,11,6,9,140,119,141,3,141,6937,14256,6,1,11,64,0,0
530,2055,0,19,0,195,188,196,3,195,20,0,79,78,80,4,80,5116,36522,5,0,152,76,1,0
64,64,0,0,9,28,28,28,10,28,0,9,55,54,55,21,55,64,64,0,0,28,54,0,0
9671,1129,0,9,16,87,84,87,0,87,9,17,75,74,76,17,76,667,19934,2,0,12,72,0,0
813,1039,0,6,10,7,7,7,14,7,6,10,249,241,251,3,251,8776,14212,6,0,7,185,0,0
6383,1294,0,24,15,53,53,53,3,53,25,16,236,228,238,23,238,187,46588,3,0,52,164,1,0
3983,1926,0,11,2,177,171,178,21,177,11,2,231,161,233,21,233,9046,23774,4,0,143,178,1,0
98,97,0,0,0,81,80,81,5,81,0,0,75,74,76,23,76,97,98,0,0,20,72,0,0
6550,691,0,11,3,34,34,34,15,34,11,17,175,169,177,6,177,2207,23380,4,0,33,145,1,1
3227,1452,0,1,21,110,106,110,18,110,1,22,128,124,129,20,129,3243,3843,1,0,57,110,0,0
122,122,0,0,6,80,79,80,21,80,0,6,91,90,92,18,92,121,123,0,1,76,86,1,0
1704,151,0,4,7,177,171,178,21,177,4,7,254,246,256,13,256,5777,7817,4,0,143,152,1,0
12124,2438,0,17,16,95,92,95,17,95,18,17,59,58,59,13,59,14223,32353,3,0,86,18,1,0
14082,2208,0,17,2,21,21,21,3,21,18,2,218,212,220,10,220,1572,31950,3,0,21,132,0,0
12613,1824,0,29,5,168,163,169,23,168,30,12,54,53,54,12,54,8710,56359,1,0,138,53,1,1
7727,2013,0,6,3,67,66,67,11,67,6,3,107,105,108,16,108,8005,12290,6,0,64,98,0,0
11794,809,0,15,13,183,176,184,11,183,16,13,144,138,145,1,145,10016,28933,1,0,147,77,0,0
10815,2047,0,9,20,166,161,167,5,166,9,21,99,98,100,25,100,11020,20430,2,0,137,92,1,0
11444,2876,0,11,8,104,100,104,8,104,11,18,55,54,55,20,55,4906,22600,4,1,94,54,0,0
2260,1061,0,7,3,0,0,0,10,0,7,3,241,233,243,3,243,2255,15516,0,0,0,153,0,0
2933,584,0,16,1,171,166,172,4,171,17,1,132,128,133,13,133,4118,30096,2,0,141,112,1,0
10865,3181,0,23,2,207,201,208,13,208,24,2,39,39,39,1,39,4562,42739,2,0,143,38,1,0
1768,1246,0,0,2,15,15,15,3,15,0,0,222,216,224,13,224,1756,1925,0,0,15,173,1,1
931,2125,0,29,16,123,118,123,6,123,30,20,93,92,94,20,94,3046,56830,1,0,110,2,0,1
9710,1701,0,8,16,43,43,43,5,43,8,17,15,15,15,15,15,7169,17726,1,0,42,15,0,0
948,2476,0,14,11,21,21,21,15,21,15,18,44,44,44,8,44,376,27294,0,0,21,43,0,1
1868,992,0,0,0,206,200,207,2,207,0,0,225,219,227,21,227,1857,2046,0,0,161,4,0,0
1520,219,0,16,5,31,31,31,12,31,17,12,36,36,36,2,36,12298,29815,2,1,31,35,0,1
2368,1608,0,24,0,98,95,98,17,98,25,0,21,21,21,1,21,224,44475,3,0,88,21,0,0
1185,758,0,4,7,117,112,117,5,117,4,7,80,79,81,12,81,4408,7700,4,0,105,77,0,0
5401,693,0,26,12,55,54,55,2,55,27,12,106,104,107,22,107,9543,49109,5,0,36,33,1,0
11921,2270,0,27,8,113,108,113,13,113,28,7,198,192,200,15,200,16823,52951,6,0,91,129,0,12
15233,1866,0,20,14,41,41,41,18,41,21,15,80,79,81,23,81,504,37659,6,0,40,77,0,0
9208,943,0,7,1,61,60,61,22,61,7,11,216,210,218,3,218,9561,16308,0,1,58,26,0,1
4964,2040,0,3,2,155,150,156,6,155,3,2,34,34,34,20,34,4471,6483,3,0,5,33,1,0
1489,1115,0,0,2,232,11,234,14,234,0,2,232,224,234,8,234,1478,1594,0,0,176,179,0,0
597,349,0,0,6,32,32,32,6,32,0,9,216,210,218,23,218,577,597,0,0,32,26,0,1
17423,2726,0,28,17,178,172,179,21,178,29,6,66,66,67,23,67,7046,55629,0,0,49,65,1,1
6839,637,0,18,13,139,134,140,11,139,19,2,13,13,13,15,13,14745,34719,4,0,124,13,1,1
13180,2559,0,27,14,1,1,1,11,1,28,15,158,153,160,21,160,786,51056,6,0,1,134,1,0
327,256,0,2,9,83,81,83,13,83,2,22,7,7,7,7,7,518,4440,2,0,78,7,1,1
9296,2483,0,20,16,41,41,41,6,41,21,17,185,179,187,1,187,7650,38754,6,0,40,147,1,0
4498,9,0,5,22,86,83,86,12,86,5,5,15,15,15,22,15,91,10498,5,0,80,15,0,0
8762,613,0,7,13,234,227,236,5,236,7,13,52,8,52,20,52,2512,15110,0,0,161,51,1,0
12787,130,0,14,5,183,176,184,17,183,15,4,158,153,160,22,160,13006,27485,0,0,147,134,0,0
3655,808,0,3,16,113,108,113,22,113,3,17,127,123,128,17,128,4523,5729,3,1,91,70,0,0
11123,1682,0,10,5,116,111,116,12,116,10,4,167,161,169,10,169,2640,21511,3,0,104,140,1,0
4423,62,0,26,8,4,4,4,6,4,27,18,45,45,45,16,45,7313,49937,5,0,4,44,1,0
5087,189,0,10,7,128,123,129,2,128,10,7,197,191,199,19,199,2530,21355,3,0,115,2,1,0
8718,834,0,14,15,31,31,31,14,31,15,16,143,137,144,2,144,4329,27979,0,1,31,122,0,0
4149,104,0,4,7,37,37,37,15,37,4,7,169,163,171,13,171,5549,8481,4,0,36,142,0,0
1283,1061,0,1,8,157,152,158,16,157,1,8,197,191,199,3,199,2823,3267,1,0,53,2,0,1
4468,60,0,19,11,95,92,95,0,95,20,18,51,51,51,16,51,4485,36624,5,0,86,50,1,1
8300,205,0,6,12,198,191,199,14,198,6,12,164,158,166,19,166,1621,13811,6,0,155,138,1,0
1294,2709,0,7,2,77,76,77,13,77,7,2,97,96,98,3,98,3998,16218,0,1,73,90,0,0
8833,3154,0,19,12,136,131,137,8,136,20,12,110,108,111,8,111,9209,37106,5,1,121,100,1,0
8214,1993,0,6,2,21,21,21,2,21,6,2,14,14,14,9,14,8532,13586,6,0,21,14,1,0
6017,760,0,6,23,146,141,147,8,146,6,23,62,62,63,13,63,8150,12636,6,0,129,61,0,0
15645,416,0,20,0,42,42,42,5,42,21,0,126,122,127,15,127,15774,40057,6,0,41,70,1,0
4937,1433,0,20,11,186,179,187,0,186,21,11,68,68,69,1,69,4991,37975,6,0,149,66,0,0
14436,527,0,18,12,18,18,18,6,18,19,3,228,221,230,2,230,14465,33425,4,0,18,177,0,1
1188,1063,0,16,3,254,246,256,2,256,17,3,149,144,151,2,151,13579,29718,2,0,163,127,1,0
274,3179,0,26,16,188,181,189,14,188,27,17,2,2,2,14,2,17605,50750,5,0,13,2,0,0
10853,1433,0,28,9,140,135,141,20,140,29,9,77,76,78,13,78,2405,55370,0,0,125,74,1,0
764,574,0,6,11,84,72,84,23,84,6,11,85,84,86,19,86,226,12570,6,0,79,32,1,0
9793,1155,0,8,2,165,160,166,20,165,8,2,130,126,131,8,131,5561,17917,1,1,136,50,0,0
10816,1812,0,28,13,116,111,116,17,116,29,13,94,93,95,3,95,6554,53969,0,0,104,88,0,0
4518,71,0,19,12,216,210,217,4,217,20,12,172,166,174,7,174,4156,36538,5,0,139,145,1,0
12051,2818,0,21,17,60,59,60,21,60,22,8,136,99,137,8,137,692,40310,0,0,57,116,1,0
547,868,0,24,12,8,8,8,9,8,25,3,175,169,177,21,177,16861,45866,3,1,8,145,0,1
5120,1162,0,16,7,141,136,142,16,141,17,7,142,136,143,16,143,13539,30810,2,0,126,121,0,0
8338,442,0,6,2,9,9,9,2,9,6,2,192,186,194,10,194,8654,13916,6,0,9,110,1,0
4766,959,0,24,2,114,109,114,4,114,25,2,64,64,65,9,65,2213,46638,3,0,102,63,1,0
5319,187,0,20,5,91,88,91,19,91,22,16,108,106,109,9,109,842,39356,6,1,83,30,1,13
2146,2738,0,6,5,10,10,10,12,10,6,4,134,130,135,22,135,2141,12536,6,0,10,114,0,0
12976,593,0,26,1,103,99,103,10,103,27,1,216,210,218,14,218,5617,49927,5,0,93,26,1,0
73,73,0,0,21,55,54,55,6,55,0,22,61,61,62,7,62,73,73,0,1,36,60,0,0
2573,1555,0,8,3,231,225,233,17,233,8,17,238,230,240,3,240,9900,17291,1,0,28,158,0,1
3566,1285,0,12,1,22,22,22,11,22,13,1,225,219,227,13,227,8113,23940,5,0,22,4,1,0
12226,2001,0,12,19,160,155,161,6,160,13,20,162,157,164,8,164,9936,25739,5,0,133,22,1,0
7510,2547,0,5,5,201,194,201,12,201,5,4,112,110,113,1,113,7779,11764,5,1,157,102,0,0
15409,3011,0,20,4,150,145,151,18,150,21,14,128,124,129,19,129,655,38704,6,0,73,110,0,0
5639,877,0,4,7,67,66,67,21,67,4,7,89,88,90,22,90,2885,7688,4,1,64,84,1,0
11225,1502,0,24,2,223,217,225,12,225,25,2,112,110,113,20,113,16711,44937,3,1,171,102,1,0
4554,1570,0,10,7,136,131,137,14,136,10,7,216,210,218,10,218,4575,21079,3,0,121,26,0,0
7309,917,0,15,18,159,154,160,16,159,16,19,158,153,160,2,160,1632,28481,1,0,78,134,0,0
1057,114,0,0,8,178,172,179,14,178,0,18,106,104,107,3,107,1038,1095,0,0,49,33,1,0
5545,2813,0,18,4,232,11,234,4,234,19,14,222,216,224,9,224,5606,34176,4,0,176,173,1,0
465,2742,0,9,19,5,5,5,5,5,9,15,183,177,185,3,185,10589,19243,2,0,5,151,0,1
11609,2259,0,12,0,128,123,129,8,128,13,0,64,64,65,19,65,4693,24349,5,0,115,63,1,0
15914,531,0,22,15,188,181,189,1,188,23,16,86,85,87,7,87,9924,41562,1,0,13,81,1,0
1047,187,0,16,7,141,136,142,11,141,17,7,162,157,164,2,164,6480,30219,2,0,126,22,0,0
11296,2999,0,26,8,10,10,10,12,10,27,18,75,74,76,19,76,2628,50211,5,0,10,72,0,0
5202,612,0,5,6,50,50,50,2,50,5,6,35,35,35,4,35,6689,9540,5,0,49,34,0,0
955,2067,0,6,12,147,142,148,1,147,6,12,176,170,178,13,178,935,14252,6,0,130,147,1,0
7142,2214,0,24,16,248,240,250,18,250,25,20,106,104,107,10,107,7356,44823,3,0,28,33,1,1
